geoid,lon,lat
01001,-86.642744,32.534921
01003,-87.722570,30.727484
01005,-85.393211,31.869580
01007,-87.126475,32.998628
01009,-86.567377,33.980872
01011,-85.715682,32.100528
01013,-86.680276,31.752429
01015,-85.826039,33.771429
01017,-85.392029,32.914347
01019,-85.603793,34.175919
01021,-86.718799,32.847864
01023,-88.263180,32.019772
01025,-87.830806,31.676687
01027,-85.860578,33.269024
01029,-85.518813,33.674518
01031,-85.988153,31.402648
01033,-87.804927,34.700470
01035,-86.993674,31.429234
01037,-86.247653,32.936243
01039,-86.451271,31.248493
01041,-86.313555,31.731507
01043,-86.867576,34.131944
01045,-85.610999,31.431801
01047,-87.106474,32.325977
01049,-85.804105,34.459804
01051,-86.149159,32.596647
01053,-87.161580,31.126136
01055,-86.034760,34.045260
01057,-87.738859,33.721223
01059,-87.843736,34.441692
01061,-85.839087,31.095053
01063,-87.952226,32.853127
01065,-87.629146,32.762664
01067,-85.241414,31.514704
01069,-85.302464,31.153196
01071,-85.999357,34.779453
01073,-86.896491,33.554314
01075,-88.096954,33.779142
01077,-87.654010,34.901407
01079,-87.310989,34.521676
01081,-85.355471,32.601146
01083,-86.981397,34.810096
01085,-86.650108,32.154746
01087,-85.692655,32.385959
01089,-86.550222,34.763092
01091,-87.789539,32.247675
01093,-87.887133,34.136558
01095,-86.306638,34.366955
01097,-88.205809,30.787207
01099,-87.365429,31.570880
01101,-86.207619,32.220262
01103,-86.852943,34.453468
01105,-87.294407,32.638462
01107,-88.088751,33.280794
01109,-85.940931,31.802731
01111,-85.459129,33.293785
01113,-85.184925,32.288393
01115,-86.314705,33.715695
01117,-86.660665,33.264279
01119,-88.198848,32.591055
01121,-86.165887,33.380082
01123,-85.797498,32.862377
01125,-87.525127,33.289555
01127,-87.297324,33.803311
01129,-88.207857,31.407629
01131,-87.308192,31.989303
01133,-87.373664,34.149198
04001,-109.488823,35.395526
04003,-109.751168,31.879608
04005,-111.770497,35.838744
04007,-110.811710,33.799747
04009,-109.887399,32.932700
04011,-109.240134,33.215221
04012,-113.981321,33.729249
04013,-112.491280,33.348809
04015,-113.757954,35.704099
04017,-110.321402,35.399658
04019,-111.789914,32.097418
04021,-111.344654,32.904366
04023,-110.846594,31.526025
04025,-112.553905,34.599902
04027,-113.905558,32.769384
05001,-91.374911,34.290808
05003,-91.768454,33.191210
05005,-92.336947,36.287208
05007,-94.256205,36.338725
05009,-93.091533,36.308591
05011,-92.162388,33.466416
05013,-92.503044,33.558031
05015,-93.538239,36.341014
05017,-91.293970,33.267192
05019,-93.176361,34.050965
05021,-90.417558,36.368272
05023,-92.026724,35.538117
05025,-92.185165,33.898352
05027,-93.227297,33.214290
05029,-92.701300,35.262234
05031,-90.632829,35.830789
05033,-94.242822,35.589085
05035,-90.308841,35.207941
05037,-90.771216,35.295709
05039,-92.654425,33.969819
05041,-91.253992,33.833269
05043,-91.719997,33.589445
05045,-92.332038,35.146993
05047,-93.890638,35.512320
05049,-91.818226,36.381657
05051,-93.150412,34.576667
05053,-92.423609,34.289996
05055,-90.558962,36.117571
05057,-93.668479,33.735322
05059,-92.945954,34.317630
05061,-93.993571,34.088916
05063,-91.569708,35.741573
05065,-91.913406,36.094870
05067,-91.214561,35.599278
05069,-91.931516,34.268784
05071,-93.459895,35.570069
05073,-93.607056,33.240945
05075,-91.107087,36.041256
05077,-90.782131,34.780650
05079,-91.733329,33.957444
05081,-94.234344,33.700510
05083,-93.716327,35.215270
05085,-91.888673,34.754266
05087,-93.724559,36.010958
05089,-92.684224,36.268387
05091,-93.891553,33.312091
05093,-90.054201,35.763834
05095,-91.203894,34.677833
05097,-93.659529,34.538811
05099,-93.307183,33.663943
05101,-93.217866,35.919972
05103,-92.881929,33.593359
05105,-92.931457,34.947364
05107,-90.848061,34.428237
05109,-93.656326,34.163518
05111,-90.662989,35.574018
05113,-94.228097,34.485908
05115,-93.034153,35.447627
05117,-91.552797,34.829794
05119,-92.311777,34.769936
05121,-91.027709,36.341461
05123,-90.747771,35.022010
05125,-92.676513,34.646593
05127,-94.063239,34.860774
05129,-92.699508,35.910900
05131,-94.274178,35.199659
05133,-94.241176,33.997170
05135,-91.479858,36.161142
05137,-92.156703,35.859884
05139,-92.597244,33.171293
05141,-92.515687,35.580644
05143,-94.215577,35.979061
05145,-91.745553,35.256271
05147,-91.243058,35.186329
05149,-93.411238,35.002603
06001,-121.889164,37.646562
06003,-119.820664,38.597197
06005,-120.651098,38.446391
06007,-121.600679,39.666934
06009,-120.554121,38.204598
06011,-122.236961,39.177486
06013,-121.927925,37.919163
06015,-123.897258,41.743135
06017,-120.524658,38.778736
06019,-119.649304,36.758197
06021,-122.391999,39.598201
06023,-123.875629,40.699297
06025,-115.365351,33.039512
06027,-117.410746,36.511112
06029,-118.729918,35.342866
06031,-119.815552,36.075345
06033,-122.753185,39.099615
06035,-120.594316,40.673588
06037,-118.224815,34.320749
06039,-119.762675,37.217979
06041,-122.723416,38.073386
06043,-119.905427,37.581506
06045,-123.391473,39.440224
06047,-120.717634,37.191876
06049,-120.724946,41.589847
06051,-118.886841,37.939088
06053,-121.239198,36.217156
06055,-122.330517,38.506485
06057,-120.768463,39.301365
06059,-117.761049,33.702973
06061,-120.717543,39.063466
06063,-120.838545,40.004636
06065,-115.993807,33.743663
06067,-121.344240,38.449315
06069,-121.074982,36.605711
06071,-116.178411,34.841398
06073,-116.735293,33.034137
06075,-122.442881,37.756119
06077,-121.271435,37.934787
06079,-120.404513,35.387080
06081,-122.328895,37.422922
06083,-120.016468,34.672880
06085,-121.695410,37.231953
06087,-122.001836,37.056181
06089,-122.040502,40.763711
06091,-120.515995,39.580325
06093,-122.540365,41.592640
06095,-121.932852,38.269973
06097,-122.887408,38.528287
06099,-120.997697,37.559138
06101,-121.694829,39.034539
06103,-122.234059,40.125625
06105,-123.112641,40.650699
06107,-118.800489,36.220165
06109,-119.954754,38.027587
06111,-119.083628,34.456504
06113,-121.901561,38.686606
06115,-121.351266,39.269007
08001,-104.337766,39.873632
08003,-105.788322,37.572924
08005,-104.339220,39.649757
08007,-107.048286,37.193536
08009,-102.560479,37.319190
08011,-103.071701,37.955102
08013,-105.357731,40.092487
08014,-105.052635,39.954147
08015,-106.194133,38.747023
08017,-102.603511,38.827949
08019,-105.644403,39.689179
08021,-106.191610,37.200718
08023,-105.428221,37.278097
08025,-103.784471,38.326585
08027,-105.367528,38.108691
08029,-107.862889,38.861359
08031,-104.875924,39.762106
08033,-108.517385,37.751666
08035,-104.929559,39.329708
08037,-106.695367,39.627849
08039,-104.135942,39.286556
08041,-104.525472,38.832107
08043,-105.439660,38.472960
08045,-107.904081,39.599324
08047,-105.522516,39.857560
08049,-106.118323,40.102630
08051,-107.031623,38.666768
08053,-107.300302,37.821285
08055,-104.960619,37.684676
08057,-106.342794,40.666442
08059,-105.250473,39.586434
08061,-102.740254,38.432678
08063,-102.602948,39.305482
08065,-106.344778,39.202497
08067,-107.843329,37.286554
08069,-105.461147,40.666387
08071,-104.038740,37.315794
08073,-103.513951,38.988091
08075,-103.110130,40.724670
08077,-108.466444,39.018299
08079,-106.924122,37.668942
08081,-108.207435,40.618391
08083,-108.596577,37.338562
08085,-108.269338,38.402183
08087,-103.809757,40.262655
08089,-103.716452,37.902592
08091,-107.769265,38.155468
08093,-105.717109,39.119316
08095,-102.357602,40.593973
08097,-106.916593,39.217090
08099,-102.393360,37.955195
08101,-104.512708,38.173514
08103,-108.217053,39.979876
08105,-106.383239,37.582529
08107,-106.991252,40.485139
08109,-106.281509,38.080529
08111,-107.676156,37.764028
08113,-108.405758,38.003738
08115,-102.351824,40.875916
08117,-106.116377,39.634192
08119,-105.161777,38.882159
08121,-103.201249,39.970998
08123,-104.392465,40.554843
08125,-102.424249,40.002936
09001,-73.389259,41.270693
09003,-72.732859,41.806404
09005,-73.245322,41.792478
09007,-72.535144,41.463186
09009,-72.932000,41.410300
09011,-72.101453,41.486606
09013,-72.336498,41.855015
09015,-71.987454,41.830019
10001,-75.568420,39.086165
10003,-75.647994,39.581403
10005,-75.390038,38.660552
12001,-82.357723,29.674753
12003,-82.284619,30.331106
12005,-85.620250,30.265211
12007,-82.168742,29.949966
12009,-80.732269,28.293720
12011,-80.487129,26.152319
12013,-85.197194,30.406028
12015,-81.912257,26.905498
12017,-82.479596,28.849002
12019,-81.857859,29.983059
12021,-81.347591,26.110701
12023,-82.621535,30.224247
12027,-81.809388,27.186361
12029,-83.158801,29.608191
12031,-81.670839,30.331573
12033,-87.362782,30.668926
12035,-81.313556,29.461438
12037,-84.813902,29.876384
12039,-84.613625,30.579478
12041,-82.800385,29.725833
12043,-81.188996,26.956467
12045,-85.226593,29.955534
12047,-82.947934,30.496390
12049,-81.809936,27.492696
12051,-81.165849,26.553483
12053,-82.425034,28.553633
12055,-81.341043,27.343324
12057,-82.309291,27.929086
12059,-85.814018,30.867921
12061,-80.606263,27.694299
12063,-85.215494,30.795430
12065,-83.895292,30.437504
12067,-83.181090,29.985499
12069,-81.711255,28.761554
12071,-81.833740,26.577782
12073,-84.277905,30.458040
12075,-82.743578,29.318264
12077,-84.882896,30.241316
12079,-83.470124,30.444122
12081,-82.315310,27.471907
12083,-82.056660,29.210208
12085,-80.431477,27.077525
12086,-80.562288,25.614958
12087,-81.110631,25.315638
12089,-81.801619,30.610595
12091,-86.591755,30.691292
12093,-80.888635,27.386418
12095,-81.323523,28.514429
12097,-81.149463,28.062680
12099,-80.465478,26.647602
12101,-82.393213,28.309092
12103,-82.725598,27.919608
12105,-81.697624,27.948860
12107,-81.744304,29.608656
12109,-81.440668,29.901649
12111,-80.472026,27.377257
12113,-87.021977,30.700442
12115,-82.331504,27.184467
12117,-81.236300,28.716976
12119,-82.080968,28.704735
12121,-82.991497,30.195609
12123,-83.603526,30.047014
12125,-82.371433,30.043855
12127,-81.181924,29.058417
12129,-84.400662,30.167324
12131,-86.169688,30.643582
12133,-85.665323,30.610591
13001,-82.288891,31.749224
13003,-82.880070,31.297161
13005,-82.452699,31.553680
13007,-84.444715,31.326145
13009,-83.249555,33.069266
13011,-83.497362,34.354147
13013,-83.712732,33.993190
13015,-84.840492,34.237860
13017,-83.220506,31.759791
13019,-83.229638,31.275953
13021,-83.697408,32.806499
13023,-83.327852,32.434428
13025,-81.981908,31.196876
13027,-83.580192,30.841985
13029,-81.443637,32.014471
13031,-81.743185,32.396807
13033,-82.000901,33.061082
13035,-83.957175,33.287884
13037,-84.624533,31.529222
13039,-81.669983,30.930568
13043,-82.073662,32.403441
13045,-85.079770,33.582785
13047,-85.138248,34.903628
13049,-82.137936,30.781724
13051,-81.132835,32.004216
13053,-84.787025,32.346986
13055,-85.345341,34.475000
13057,-84.476211,34.243938
13059,-83.367335,33.951175
13061,-84.980090,31.626234
13063,-84.357643,33.541887
13065,-82.706250,30.914995
13067,-84.576679,33.941462
13069,-82.849162,31.549318
13071,-83.768804,31.188374
13073,-82.264050,33.544120
13075,-83.430463,31.153994
13077,-84.763353,33.353464
13079,-83.986339,32.714504
13081,-83.768065,31.922927
13083,-85.504517,34.854554
13085,-84.170615,34.444291
13087,-84.579055,30.878358
13089,-84.226420,33.771528
13091,-83.168397,32.172207
13093,-83.798768,32.157201
13095,-84.216367,31.533458
13097,-84.767960,33.701842
13099,-84.903654,31.322831
13101,-82.893961,30.710050
13103,-81.341354,32.367285
13105,-82.840142,34.116792
13107,-82.301713,32.589744
13109,-81.886880,32.156759
13111,-84.319834,34.864084
13113,-84.494181,33.413951
13115,-85.214256,34.263191
13117,-84.125020,34.225544
13119,-83.229148,34.375466
13121,-84.466998,33.790272
13123,-84.455618,34.691163
13125,-82.610700,33.229282
13127,-81.540717,31.230898
13129,-84.875703,34.503356
13131,-84.234442,30.874664
13133,-83.166671,33.578830
13135,-84.023615,33.961731
13137,-83.531108,34.631030
13139,-83.819670,34.316899
13141,-83.000672,33.270450
13143,-85.211019,33.794218
13145,-84.908892,32.736040
13147,-82.964215,34.350838
13149,-85.128336,33.297039
13151,-84.154202,33.452993
13153,-83.666226,32.459011
13155,-83.276354,31.602214
13157,-83.566362,34.133885
13159,-83.687971,33.316538
13161,-82.636826,31.805611
13163,-82.418162,33.054875
13165,-81.963549,32.792447
13167,-82.660080,32.701461
13169,-83.560495,33.025126
13171,-84.139471,33.076536
13173,-83.062746,31.037860
13175,-82.922233,32.463652
13177,-84.141136,31.779534
13179,-81.494731,31.828091
13181,-82.451153,33.793645
13183,-81.745696,31.752554
13185,-83.267730,30.833814
13187,-84.002664,34.572194
13189,-82.481373,33.482860
13191,-81.408470,31.496659
13193,-84.042491,32.358391
13195,-83.209030,34.127791
13197,-84.524663,32.353398
13199,-84.688311,33.040664
13201,-84.730796,31.164008
13205,-84.194275,31.225320
13207,-83.918658,33.013919
13209,-82.534774,32.173394
13211,-83.492272,33.590920
13213,-84.748072,34.788432
13215,-84.877056,32.510028
13217,-83.850189,33.555037
13219,-83.437102,33.834964
13221,-83.080712,33.880668
13223,-84.867296,33.920534
13225,-83.826885,32.568763
13227,-84.465563,34.464332
13229,-82.212763,31.358771
13231,-84.389260,33.092283
13233,-85.188143,34.001791
13235,-83.475953,32.232265
13237,-83.372794,33.321767
13239,-85.018770,31.867347
13241,-83.402073,34.881735
13243,-84.754201,31.762650
13245,-82.073507,33.359598
13247,-84.026595,33.654250
13249,-84.314757,32.261663
13251,-81.611942,32.750605
13253,-84.868849,30.938779
13255,-84.284096,33.260878
13257,-83.293466,34.553959
13259,-84.835217,32.078490
13261,-84.196988,32.039942
13263,-84.533009,32.699499
13265,-82.878764,33.566137
13267,-82.058128,32.045799
13269,-84.250467,32.555478
13271,-82.939015,31.929805
13273,-84.436972,31.777004
13275,-83.919318,30.863757
13277,-83.526601,31.457429
13279,-82.331216,32.121612
13281,-83.737299,34.916637
13283,-82.567285,32.403875
13285,-85.028365,33.033540
13287,-83.624083,31.716381
13289,-83.427076,32.667199
13291,-83.990754,34.834087
13293,-84.299350,32.881274
13295,-85.300990,34.735645
13297,-83.733870,33.781557
13299,-82.423718,31.053789
13301,-82.676755,33.408950
13303,-82.795911,32.969537
13305,-81.916726,31.551447
13307,-84.551045,32.046657
13309,-82.724581,32.117051
13311,-83.747110,34.646381
13313,-84.967208,34.805611
13315,-83.432343,31.972900
13317,-82.743202,33.781948
13319,-83.171238,32.802382
13321,-83.850885,31.551510
16001,-116.241102,43.451158
16003,-116.453797,44.889663
16005,-112.224637,42.668518
16007,-111.329610,42.284767
16009,-116.658784,47.217577
16011,-112.398078,43.216522
16013,-113.980351,43.412327
16015,-115.730245,43.989149
16017,-116.600985,48.299770
16019,-111.614875,43.387723
16021,-116.462843,48.767001
16023,-113.172023,43.722877
16025,-114.805880,43.463261
16027,-116.709321,43.625157
16029,-111.562295,42.770521
16031,-113.600363,42.283875
16033,-112.351410,44.283979
16035,-115.656321,46.673621
16037,-114.281788,44.241418
16039,-115.469222,43.353911
16041,-111.813223,42.181235
16043,-111.482002,44.228858
16045,-116.397137,44.061730
16047,-114.811559,42.970917
16049,-115.467475,45.844045
16051,-112.311232,43.820125
16053,-114.264062,42.689897
16055,-116.700006,47.674536
16057,-116.711647,46.816157
16059,-113.933296,44.943311
16061,-116.426254,46.237027
16063,-114.138304,43.002420
16065,-111.659350,43.784201
16067,-113.637546,42.854324
16069,-116.750237,46.326731
16071,-112.539611,42.194879
16073,-116.169956,42.581529
16075,-116.760857,44.006738
16077,-112.840642,42.693655
16079,-115.891114,47.351713
16081,-111.207675,43.759434
16083,-114.667132,42.355961
16085,-115.566161,44.766690
16087,-116.784737,44.452417
17001,-91.188532,39.987861
17003,-89.337561,37.191518
17005,-89.435554,38.886832
17007,-88.823366,42.323078
17009,-90.750350,39.961823
17011,-89.528673,41.404144
17013,-90.667531,39.169243
17015,-89.934391,42.068688
17017,-90.247414,39.973565
17019,-88.199200,40.140092
17021,-89.277274,39.545800
17023,-87.787680,39.333600
17025,-88.490161,38.754151
17027,-89.422491,38.606441
17029,-88.221796,39.520275
17031,-87.816708,41.840031
17033,-87.759635,39.002725
17035,-88.240221,39.273306
17037,-88.770311,41.893534
17039,-88.904082,40.174612
17041,-88.217374,39.769458
17043,-88.085632,41.851946
17045,-87.745586,39.678563
17047,-88.053276,38.416539
17049,-88.589869,39.059785
17051,-89.024133,39.000188
17053,-88.223268,40.597192
17055,-88.924145,37.992281
17057,-90.207470,40.472756
17059,-88.230544,37.762703
17061,-90.390463,39.356214
17063,-88.418486,41.285105
17065,-88.539115,38.081571
17067,-91.164734,40.403743
17069,-88.266879,37.518210
17071,-90.925108,40.818025
17073,-90.131399,41.353135
17075,-87.824353,40.747242
17077,-89.382128,37.785143
17079,-88.153826,39.010015
17081,-88.923989,38.300528
17083,-90.356684,39.085683
17085,-90.212499,42.365755
17087,-88.880926,37.459629
17089,-88.428641,41.938883
17091,-87.861825,41.137709
17093,-88.428835,41.590538
17095,-90.213268,40.931800
17097,-88.003625,42.323370
17099,-88.885956,41.343986
17101,-87.726739,38.719979
17103,-89.300380,41.746193
17105,-88.557718,40.891568
17107,-89.367543,40.124561
17109,-90.677910,40.456195
17111,-88.452359,42.324451
17113,-88.847339,40.490876
17115,-88.961606,39.859982
17117,-89.924431,39.261007
17119,-89.905132,38.829870
17121,-88.918980,38.649593
17123,-89.344755,41.033164
17125,-89.916774,40.239653
17127,-88.707722,37.218970
17129,-89.802189,40.027391
17131,-90.741448,41.205335
17133,-90.177377,38.278546
17135,-89.478883,39.231035
17137,-90.201477,39.715561
17139,-88.619304,39.641415
17141,-89.320655,42.042643
17143,-89.759979,40.788057
17145,-89.366980,38.083770
17147,-88.591100,40.010356
17149,-90.886283,39.622495
17151,-88.561524,37.412694
17153,-89.126582,37.222883
17155,-89.285842,41.204461
17157,-89.825322,38.052133
17159,-88.085097,38.712373
17161,-90.567353,41.467301
17163,-89.928391,38.470298
17165,-88.540800,37.753195
17167,-89.658877,39.758166
17169,-90.615081,40.158028
17171,-90.474698,39.644120
17173,-88.805594,39.391122
17175,-89.797512,41.093325
17177,-89.662363,42.351716
17179,-89.513425,40.507524
17181,-89.255113,37.471231
17183,-87.732839,40.183440
17185,-87.844503,38.446027
17187,-90.615005,40.848815
17189,-89.410448,38.352163
17191,-88.425628,38.429570
17193,-88.179547,38.087415
17195,-89.914096,41.756278
17197,-87.978556,41.445021
17199,-88.929918,37.730254
17201,-89.160844,42.336256
17203,-89.211142,40.788232
18001,-84.936616,40.745655
18003,-85.066574,41.090885
18005,-85.897592,39.205956
18007,-87.310938,40.606255
18009,-85.324822,40.473637
18011,-86.468709,40.050798
18013,-86.227384,39.196227
18015,-86.563500,40.582842
18017,-86.345983,40.761535
18019,-85.707317,38.477311
18021,-87.115763,39.392772
18023,-86.475143,40.301695
18025,-86.451717,38.292372
18027,-87.072047,38.702404
18029,-84.973324,39.145226
18031,-85.501109,39.307001
18033,-84.999066,41.397569
18035,-85.396900,40.227546
18037,-86.879806,38.364271
18039,-85.858748,41.597388
18041,-85.178764,39.640029
18043,-85.906907,38.319040
18045,-87.241973,40.120901
18047,-85.060144,39.414869
18049,-86.263537,41.046978
18051,-87.584620,38.311884
18053,-85.654715,40.515799
18055,-86.962045,39.036351
18057,-86.052027,40.072479
18059,-85.773245,39.823556
18061,-86.111477,38.195259
18063,-86.509970,39.769520
18065,-85.396425,39.931063
18067,-86.116959,40.483608
18069,-85.488131,40.829220
18071,-86.037530,38.906419
18073,-87.116121,41.022983
18075,-85.005705,40.437957
18077,-85.438537,38.785770
18079,-85.628052,38.996921
18081,-86.101628,39.489970
18083,-87.418047,38.689031
18085,-85.860723,41.244072
18087,-85.426491,41.642621
18089,-87.382097,41.417176
18091,-86.740001,41.545972
18093,-86.483452,38.841161
18095,-85.719359,40.161619
18097,-86.138470,39.781711
18099,-86.261766,41.324843
18101,-86.803076,38.708016
18103,-86.045049,40.769457
18105,-86.523127,39.160910
18107,-86.893308,40.040389
18109,-86.446231,39.481570
18111,-87.397589,40.955843
18113,-85.417504,41.398604
18115,-84.965095,38.950038
18117,-86.495061,38.541791
18119,-86.837640,39.312822
18121,-87.206375,39.773632
18123,-86.638028,38.079649
18125,-87.232163,38.398782
18127,-87.067292,41.460546
18129,-87.868390,38.021830
18131,-86.698797,41.041854
18133,-86.844994,39.666280
18135,-85.011443,40.157588
18137,-85.262377,39.103474
18139,-85.465753,39.619966
18141,-86.289874,41.616661
18143,-85.747480,38.685077
18145,-85.791687,39.523703
18147,-87.007711,38.014187
18149,-86.647642,41.280934
18151,-85.000859,41.643892
18153,-87.414781,39.088802
18155,-85.036984,38.826180
18157,-86.894059,40.388620
18159,-86.051851,40.311344
18161,-84.925138,39.625595
18163,-87.585836,38.025252
18165,-87.463976,39.853799
18167,-87.389931,39.430658
18169,-85.793999,40.845642
18171,-87.353295,40.346935
18173,-87.272097,38.092239
18175,-86.105305,38.599993
18177,-85.009838,39.864382
18179,-85.221194,40.729189
18181,-86.865484,40.749760
18183,-85.505120,41.139380
19001,-94.470965,41.330738
19003,-94.699177,41.028967
19005,-91.378052,43.284283
19007,-92.868603,40.743172
19009,-94.905818,41.684603
19011,-92.065705,42.080205
19013,-92.308829,42.470093
19015,-93.931659,42.036546
19017,-92.318049,42.774590
19019,-91.837841,42.470784
19021,-95.151134,42.735496
19023,-92.790181,42.731569
19025,-94.640402,42.385184
19027,-94.860566,42.036208
19029,-94.927820,41.331505
19031,-91.132416,41.772316
19033,-93.260820,43.081563
19035,-95.623812,42.735621
19037,-92.317668,43.060058
19039,-93.785162,41.029016
19041,-95.150936,43.082572
19043,-91.341431,42.844722
19045,-90.531963,41.898035
19047,-95.381978,42.037199
19049,-94.039742,41.684893
19051,-92.409702,40.747689
19053,-93.786288,40.737700
19055,-91.367347,42.471199
19057,-91.181466,40.923187
19059,-95.150881,43.377911
19061,-90.882457,42.468823
19063,-94.678425,43.377942
19065,-91.844358,42.862608
19067,-92.789006,43.059934
19069,-93.262472,42.732548
19071,-95.604671,40.745568
19073,-94.396846,42.036237
19075,-92.791429,42.401865
19077,-94.501063,41.683746
19079,-93.706782,42.383760
19081,-93.734282,43.081910
19083,-93.240402,42.383878
19085,-95.816838,41.682861
19087,-91.544539,40.987967
19089,-92.317205,43.356755
19091,-94.207170,42.776464
19093,-95.513506,42.386894
19095,-92.065506,41.686323
19097,-90.574245,42.171738
19099,-93.053766,41.686038
19101,-91.948892,41.031766
19103,-91.588087,41.671553
19105,-91.131425,42.121235
19107,-92.178639,41.336454
19109,-94.206721,43.204201
19111,-91.479261,40.641999
19113,-91.598958,42.078934
19115,-91.259612,41.218523
19117,-93.327746,41.029395
19119,-96.210228,43.380532
19121,-94.015546,41.330711
19123,-92.640910,41.335216
19125,-93.099446,41.334444
19127,-92.998785,42.035839
19129,-95.621323,41.033432
19131,-92.789013,43.356364
19133,-95.959874,42.051640
19135,-92.868998,41.029800
19137,-95.156351,41.030153
19139,-91.112692,41.483924
19141,-95.624919,43.083764
19143,-95.623667,43.378579
19145,-95.150183,40.739142
19147,-94.678136,43.082086
19149,-96.214133,42.737813
19151,-94.678744,42.734164
19153,-93.573532,41.685499
19155,-95.542287,41.336621
19157,-92.531455,41.686442
19159,-94.243985,40.735172
19161,-95.105359,42.386236
19163,-90.623237,41.637094
19165,-95.310178,41.685091
19167,-96.177856,43.082634
19169,-93.465045,42.036238
19171,-92.532551,42.079808
19173,-94.696398,40.737386
19175,-94.242365,41.027729
19177,-91.949978,40.753215
19179,-92.409464,41.030581
19181,-93.561358,41.334369
19183,-91.717859,41.335599
19185,-93.327353,40.739504
19187,-94.181783,42.427953
19189,-93.734124,43.377519
19191,-91.843666,43.290623
19193,-96.044793,42.389703
19195,-93.260844,43.377382
19197,-93.735146,42.733084
20001,-95.301359,37.885721
20003,-95.293343,38.214182
20005,-95.313488,39.531749
20007,-98.684823,37.228862
20009,-98.756453,38.478960
20011,-94.849329,37.855203
20013,-95.564209,39.826486
20015,-96.839042,37.781238
20017,-96.593953,38.302040
20019,-96.245383,37.150025
20021,-94.846291,37.169327
20023,-101.731294,39.785869
20025,-99.820298,37.235507
20027,-97.165192,39.349718
20029,-97.649250,39.480304
20031,-95.734105,38.236865
20033,-99.271844,37.191263
20035,-96.837534,37.237709
20037,-94.851817,37.507318
20039,-100.459939,39.784737
20041,-97.152694,38.866487
20043,-95.146799,39.788058
20045,-95.292591,38.884668
20047,-99.312166,37.887637
20049,-96.244141,37.453698
20051,-99.317255,38.914741
20053,-98.204745,38.696642
20055,-100.737001,38.044281
20057,-99.887955,37.691716
20059,-95.285947,38.564530
20061,-96.752544,39.002364
20063,-100.482976,38.916086
20065,-99.883226,39.349723
20067,-101.308029,37.562264
20069,-100.437884,37.738182
20071,-101.806044,38.480564
20073,-96.232621,37.877832
20075,-101.791240,37.999124
20077,-98.075483,37.191623
20079,-97.427231,38.043217
20081,-100.871190,37.562226
20083,-99.897924,38.087485
20085,-95.793669,39.416823
20087,-95.383439,39.235763
20089,-98.218331,39.784738
20091,-94.822310,38.883759
20093,-101.319889,38.000255
20095,-98.136336,37.558898
20097,-99.286073,37.558252
20099,-95.297573,37.191307
20101,-100.466427,38.481332
20103,-95.037980,39.199295
20105,-98.207701,39.045317
20107,-94.842974,38.212260
20109,-101.148410,38.917304
20111,-96.152645,38.456194
20113,-97.648026,38.391654
20115,-97.096893,38.358867
20117,-96.522943,39.783569
20119,-100.366244,37.238136
20121,-94.838096,38.563532
20123,-98.209373,39.393271
20125,-95.742879,37.192522
20127,-96.649888,38.687421
20129,-101.799249,37.191388
20131,-96.014080,39.783412
20133,-95.306796,37.558495
20135,-99.916149,38.479419
20137,-99.903486,39.784381
20139,-95.726905,38.652320
20141,-98.767945,39.350334
20143,-97.650217,39.132537
20145,-99.236712,38.181319
20147,-99.347007,39.784566
20149,-96.342435,39.379016
20151,-98.739623,37.647734
20153,-101.075850,39.785189
20155,-98.085984,37.952954
20157,-97.650618,39.827769
20159,-98.200986,38.347173
20161,-96.735180,39.296469
20163,-99.325016,39.350228
20165,-99.309152,38.523126
20167,-98.762391,38.914809
20169,-97.649954,38.783812
20171,-100.906861,38.482177
20173,-97.460985,37.684768
20175,-100.851341,37.193325
20177,-95.756522,39.041509
20179,-100.441828,39.350336
20181,-101.719983,39.351449
20183,-98.785462,39.785161
20185,-98.717426,38.030981
20187,-101.784217,37.563006
20189,-101.312057,37.192341
20191,-97.476548,37.237312
20193,-101.055559,39.350918
20195,-99.872822,38.914306
20197,-96.204973,38.953263
20199,-101.763615,38.916680
20201,-97.087535,39.784180
20203,-101.347378,38.482073
20205,-95.743418,37.559266
20207,-95.740134,37.886696
20209,-94.764553,39.114614
21001,-85.280632,37.104167
21003,-86.190416,36.751249
21005,-84.990992,38.003916
21007,-88.999258,37.058480
21009,-85.933665,36.965584
21011,-83.742680,38.144953
21013,-83.674082,36.730647
21015,-84.728014,38.969957
21017,-84.217164,38.206738
21019,-82.687779,38.359560
21021,-84.866839,37.624336
21023,-84.090143,38.688797
21025,-83.324061,37.521616
21027,-86.429338,37.773389
21029,-85.695860,37.970074
21031,-86.681627,37.207284
21033,-87.867864,37.145407
21035,-88.272255,36.621013
21037,-84.379516,38.946513
21039,-88.970981,36.853200
21041,-85.123547,38.667850
21043,-83.049537,38.318186
21045,-84.928333,37.322303
21047,-87.490456,36.894171
21049,-84.147419,37.970821
21051,-83.714661,37.159709
21053,-85.136174,36.727442
21055,-88.097196,37.352724
21057,-85.388512,36.786598
21059,-87.087229,37.731848
21061,-86.238422,37.208799
21063,-83.097617,38.117903
21065,-83.964312,37.692443
21067,-84.458720,38.042314
21069,-83.696647,38.370120
21071,-82.745704,37.557118
21073,-84.877052,38.239168
21075,-89.187361,36.554042
21077,-84.859284,38.756845
21079,-84.537663,37.639598
21081,-84.624584,38.648814
21083,-88.651200,36.723103
21085,-86.343912,37.460813
21087,-85.553122,37.264037
21089,-82.922347,38.545693
21091,-86.777908,37.841485
21093,-85.963447,37.697962
21095,-83.217994,36.856946
21097,-84.331358,38.441821
21099,-85.884691,37.299930
21101,-87.573027,37.795959
21103,-85.118916,38.448466
21105,-88.976144,36.678130
21107,-87.540836,37.308839
21109,-84.005754,37.419766
21111,-85.659458,38.187133
21113,-84.580939,37.872037
21115,-82.831519,37.846642
21117,-84.533337,38.933403
21119,-82.954142,37.354047
21121,-83.854046,36.890648
21123,-85.697932,37.545798
21125,-84.117802,37.110670
21127,-82.734735,38.067870
21129,-83.716194,37.594808
21131,-83.381139,37.094061
21133,-82.855313,37.121175
21135,-83.378070,38.531586
21137,-84.660811,37.455351
21139,-88.353722,37.209626
21141,-86.878919,36.859685
21143,-88.083160,37.019101
21145,-88.712654,37.053958
21147,-84.484221,36.737121
21149,-87.263611,37.529193
21151,-84.278003,37.720181
21153,-83.064924,37.706471
21155,-85.269638,37.552535
21157,-88.329352,36.883416
21159,-82.513180,37.801601
21161,-83.824087,38.595186
21163,-86.216952,37.969623
21165,-83.598864,37.941388
21167,-84.874463,37.811033
21169,-85.629227,36.990531
21171,-85.716480,36.712155
21173,-83.913156,38.033526
21175,-83.258883,37.922288
21177,-87.142033,37.215791
21179,-85.465958,37.805154
21181,-84.015295,38.335554
21183,-86.848878,37.478186
21185,-85.448537,38.399479
21187,-84.828105,38.519663
21189,-83.683103,37.419210
21191,-84.360253,38.695639
21193,-83.221476,37.244302
21195,-82.395771,37.469104
21197,-83.823731,37.831125
21199,-84.577250,37.103865
21201,-84.052038,38.518820
21203,-84.316011,37.365055
21205,-83.421104,38.196256
21207,-85.058651,36.991091
21209,-84.583915,38.291554
21211,-85.194776,38.215450
21213,-86.582242,36.741950
21215,-85.327831,38.032521
21217,-85.327938,37.366470
21219,-87.179238,36.835679
21221,-87.873353,36.806359
21223,-85.337486,38.613029
21225,-87.945342,37.658459
21227,-86.423807,36.993573
21229,-85.174774,37.753374
21231,-84.828623,36.801279
21233,-87.683159,37.518443
21235,-84.145182,36.758091
21237,-83.493159,37.739318
21239,-84.743583,38.042380
22001,-92.411984,30.290539
22003,-92.827919,30.652919
22005,-90.911307,30.203543
22007,-91.062584,29.900779
22009,-92.001385,31.076238
22011,-93.343369,30.648459
22013,-93.055980,32.347170
22015,-93.605046,32.678924
22017,-93.882331,32.580072
22019,-93.358011,30.229274
22021,-92.116560,32.092305
22023,-93.193820,29.875445
22025,-91.847063,31.666179
22027,-92.995757,32.822635
22029,-91.640071,31.445854
22031,-93.737245,32.055435
22033,-91.095600,30.538252
22035,-91.235058,32.732544
22037,-91.045524,30.845105
22039,-92.405901,30.728946
22041,-91.673775,32.133213
22043,-92.559504,31.599698
22045,-91.729984,29.896528
22047,-91.349334,30.258486
22049,-92.557784,32.302055
22051,-90.127389,29.787170
22053,-92.814122,30.267703
22055,-92.063862,30.206749
22057,-90.425768,29.566239
22059,-92.160408,31.676701
22061,-92.664836,32.601616
22063,-90.727892,30.440149
22065,-91.242624,32.364402
22067,-91.801788,32.820216
22069,-93.096225,31.723542
22071,-89.928832,30.068679
22073,-92.154866,32.478320
22075,-89.609669,29.440547
22077,-91.600789,30.709379
22079,-92.533187,31.198625
22081,-93.339865,32.093133
22083,-91.763478,32.417803
22085,-93.554598,31.564001
22087,-89.555129,29.869160
22089,-90.358195,29.905478
22091,-90.710341,30.821990
22093,-90.796329,30.026301
22095,-90.470899,30.126462
22097,-92.005861,30.598847
22099,-91.608299,30.129085
22101,-91.443150,29.704657
22103,-89.958308,30.410242
22105,-90.405676,30.626631
22107,-91.340102,32.001709
22109,-90.866344,29.414775
22111,-92.374790,32.831846
22113,-92.323808,29.846547
22115,-93.184208,31.108315
22117,-90.040448,30.853338
22119,-93.334974,32.713469
22121,-91.312735,30.463424
22123,-91.456768,32.788502
22125,-91.420006,30.879804
22127,-92.636688,31.944255
23001,-70.206471,44.165791
23003,-68.598904,46.658916
23005,-70.398735,43.846383
23007,-70.444007,44.974032
23009,-68.358634,44.664154
23011,-69.767333,44.409112
23013,-69.168569,44.141042
23015,-69.543505,44.066383
23017,-70.756605,44.499881
23019,-68.649462,45.400632
23021,-69.284596,45.837346
23023,-69.854567,43.959772
23025,-69.958904,45.513910
23027,-69.145405,44.502752
23029,-67.628774,45.030642
23031,-70.714376,43.478215
24001,-78.698978,39.621457
24003,-76.605071,39.006465
24005,-76.639290,39.462712
24009,-76.568675,38.543363
24011,-75.831555,38.871713
24013,-77.022546,39.562883
24015,-75.940740,39.571241
24017,-76.992157,38.507295
24019,-76.012550,38.482909
24021,-77.398006,39.472231
24023,-79.273822,39.528596
24025,-76.317056,39.561092
24027,-76.931189,39.250723
24029,-76.039929,39.254537
24031,-77.204182,39.136334
24033,-76.847280,38.829523
24035,-76.020276,39.068014
24037,-76.605848,38.302399
24039,-75.751756,38.115780
24041,-76.097100,38.771346
24043,-77.813953,39.603606
24045,-75.620782,38.373292
24047,-75.333998,38.212777
24510,-76.614443,39.305080
25001,-70.291493,41.724179
25003,-73.206349,42.370703
25005,-71.114370,41.797169
25007,-70.650088,41.396085
25009,-70.951959,42.672891
25011,-72.591845,42.583088
25013,-72.631622,42.135105
25015,-72.663775,42.340129
25017,-71.391822,42.485560
25019,-70.069197,41.283139
25021,-71.211096,42.160672
25023,-70.811397,41.951152
25025,-71.069731,42.333704
25027,-71.907766,42.351426
26001,-83.593714,44.685417
26003,-86.603999,46.408641
26005,-85.888439,42.591273
26007,-83.625781,45.034869
26009,-85.140239,44.999084
26011,-83.893992,44.064649
26013,-88.365180,46.662677
26015,-85.308959,42.595038
26017,-83.991543,43.707991
26019,-86.015550,44.638722
26021,-86.412268,41.954678
26023,-85.059010,41.916128
26025,-85.005595,42.246537
26027,-85.993490,41.915364
26029,-85.126291,45.302136
26031,-84.499898,45.446528
26033,-84.577678,46.305273
26035,-84.847814,43.987878
26037,-84.601518,42.943662
26039,-84.610252,44.683651
26041,-86.924242,45.919073
26043,-87.870204,46.009311
26045,-84.838301,42.596079
26047,-84.890806,45.520966
26049,-83.706709,43.021720
26051,-84.388275,43.990643
26053,-89.694451,46.408834
26055,-85.560476,44.668755
26057,-84.604925,43.292735
26059,-84.592943,41.887782
26061,-88.687408,46.897779
26063,-83.023802,43.833270
26065,-84.373546,42.597099
26067,-85.074604,42.945097
26069,-83.635860,44.355827
26071,-88.530488,46.208706
26073,-84.846794,43.640604
26075,-84.423428,42.248487
26077,-85.531185,42.245460
26079,-85.090175,44.684647
26081,-85.549293,43.032150
26083,-88.434557,47.627912
26085,-85.801697,43.990040
26087,-83.221785,43.090149
26089,-85.811790,44.938585
26091,-84.066387,41.895123
26093,-83.911530,42.602918
26095,-85.544357,46.470653
26097,-85.086706,46.080240
26099,-82.932231,42.695538
26101,-86.056785,44.333039
26103,-87.641544,46.431416
26105,-86.249971,43.995250
26107,-85.324570,43.640801
26109,-87.556618,45.580060
26111,-84.388117,43.646841
26113,-85.094660,44.337332
26115,-83.537455,41.928710
26117,-85.152551,43.310971
26119,-84.127238,45.027609
26121,-86.152047,43.291244
26123,-85.800898,43.554194
26125,-83.385791,42.660402
26127,-86.267578,43.640932
26129,-84.126448,44.334964
26131,-89.314999,46.664343
26133,-85.325263,43.989847
26135,-84.129753,44.681743
26137,-84.598977,45.021371
26139,-85.996101,42.959848
26141,-83.917619,45.340184
26143,-84.611552,44.335553
26145,-84.053170,43.335042
26147,-82.680540,42.934067
26149,-85.527761,41.914446
26151,-82.820136,43.423597
26153,-86.199624,46.196548
26155,-84.146729,42.953738
26157,-83.417036,43.464664
26159,-86.018945,42.251309
26161,-83.838767,42.253221
26163,-83.282099,42.281887
26165,-85.578409,44.338337
27001,-93.415425,46.608231
27003,-93.246478,45.273257
27005,-95.673969,46.934654
27007,-94.937676,47.973772
27009,-93.998839,45.699103
27011,-96.410941,45.426102
27013,-94.067013,44.034591
27015,-94.727577,44.242140
27017,-92.677031,46.592409
27019,-93.802597,44.820791
27021,-94.325348,46.949579
27023,-95.566687,45.022331
27025,-92.908333,45.502469
27027,-96.490652,46.892351
27029,-95.379030,47.577547
27031,-90.534635,47.902567
27033,-95.181201,44.007121
27035,-94.070890,46.482411
27037,-93.065427,44.671876
27039,-92.862050,44.022604
27041,-95.453527,45.933721
27043,-93.947929,43.673919
27045,-92.090166,43.673953
27047,-93.348822,43.673809
27049,-92.722569,44.409859
27051,-96.012174,45.934052
27053,-93.476873,45.004579
27055,-91.492885,43.671437
27057,-94.916637,47.108636
27059,-93.295148,45.561493
27061,-93.631974,47.509509
27063,-95.154019,43.674119
27065,-93.293376,45.945185
27067,-95.004717,45.152369
27069,-96.782866,48.776630
27071,-93.783360,48.245300
27073,-96.173514,44.995476
27075,-91.445726,47.640928
27077,-94.905024,48.770527
27079,-93.730086,44.371426
27081,-96.267115,44.412607
27083,-95.839017,44.413542
27085,-94.272401,44.823557
27087,-95.809047,47.325304
27089,-96.368501,48.358112
27091,-94.551159,43.674312
27093,-94.527321,45.123108
27095,-93.630075,45.938042
27097,-94.268379,46.012625
27099,-92.752526,43.671429
27101,-95.763274,44.022164
27103,-94.247379,44.349888
27105,-95.753364,43.674229
27107,-96.455286,47.326465
27109,-92.401750,44.003760
27111,-95.707992,46.408809
27113,-96.036700,48.066232
27115,-92.741334,46.120761
27117,-96.258649,44.023009
27119,-96.401863,47.773858
27121,-95.444513,45.586006
27123,-93.099606,45.017063
27125,-96.095350,47.871690
27127,-95.253838,44.403664
27129,-94.947116,44.726814
27131,-93.296671,44.354263
27133,-96.253199,43.674686
27135,-95.810837,48.775113
27137,-92.470644,47.603168
27139,-93.535927,44.648455
27141,-93.774590,45.443943
27143,-94.232136,44.579497
27145,-94.613021,45.552142
27147,-93.226047,44.022341
27149,-96.000306,45.586123
27151,-95.681422,45.282695
27153,-94.897584,46.070604
27155,-96.471592,45.772181
27157,-92.230274,44.284292
27159,-94.969397,46.585764
27161,-93.587270,44.022118
27163,-92.883935,45.038710
27165,-94.614079,43.978431
27167,-96.468328,46.357061
27169,-91.779157,43.986850
27171,-93.963046,45.173941
27173,-95.868362,44.716250
28001,-91.353548,31.482888
28003,-88.580263,34.880810
28005,-90.804418,31.174426
28007,-89.581521,33.086263
28009,-89.188464,34.817294
28011,-90.880368,33.795577
28013,-89.336455,33.936460
28015,-89.920184,33.448528
28017,-88.947858,33.920797
28019,-89.248380,33.347301
28021,-90.911773,31.973665
28023,-88.689429,32.041380
28025,-88.781558,33.655646
28027,-90.602684,34.229184
28029,-90.448772,31.869260
28031,-89.552626,31.633187
28033,-89.991848,34.875386
28035,-89.257874,31.188878
28037,-90.897911,31.477167
28039,-88.643996,30.862584
28041,-88.639161,31.214247
28043,-89.802001,33.769902
28045,-89.488509,30.416005
28047,-89.115925,30.511846
28049,-90.442846,32.266702
28051,-90.092042,33.123545
28053,-90.526676,33.128715
28055,-90.989189,32.741402
28057,-88.361297,34.279987
28059,-88.635701,30.542297
28061,-89.118840,32.019136
28063,-91.037351,31.734284
28065,-89.823012,31.569673
28067,-89.168809,31.622557
28069,-88.641153,32.754559
28071,-89.484907,34.356744
28073,-89.508677,31.205842
28075,-88.662544,32.404264
28077,-90.107001,31.550178
28079,-89.524069,32.753537
28081,-88.680406,34.289915
28083,-90.301078,33.550543
28085,-90.454012,31.532408
28087,-88.443316,33.472943
28089,-90.033749,32.634658
28091,-89.822431,31.230851
28093,-89.503060,34.762279
28095,-88.480482,33.892267
28097,-89.616363,33.494083
28099,-89.117552,32.753489
28101,-89.118797,32.400240
28103,-88.569754,33.110157
28105,-88.879330,33.424950
28107,-89.950562,34.363909
28109,-89.589653,30.768704
28111,-88.992347,31.172037
28113,-90.404174,31.174854
28115,-89.037389,34.225437
28117,-88.520065,34.618285
28119,-90.289098,34.251402
28121,-89.945792,32.264130
28123,-89.537634,32.406388
28125,-90.813172,32.879869
28127,-89.919500,31.913159
28129,-89.506679,32.017686
28131,-89.117667,30.789967
28133,-90.588624,33.602309
28135,-90.173238,33.950479
28137,-89.944787,34.650331
28139,-88.908888,34.768350
28141,-88.239291,34.740412
28143,-90.375530,34.651955
28145,-89.003862,34.490477
28147,-90.106133,31.148421
28149,-90.851993,32.357266
28151,-90.947488,33.283781
28153,-88.695815,31.640789
28155,-89.284802,33.613101
28157,-91.310926,31.161080
28159,-89.034402,33.088493
28161,-89.707680,34.028160
28163,-90.396379,32.780364
29001,-92.600719,40.190579
29003,-94.802069,39.983505
29005,-95.428088,40.430805
29007,-91.841568,39.215743
29009,-93.829059,36.709863
29011,-94.347125,37.502321
29013,-94.340024,38.257260
29015,-93.287933,38.294857
29017,-90.025926,37.322187
29019,-92.309677,38.990618
29021,-94.806119,39.659905
29023,-90.406578,36.716420
29025,-93.982700,39.655745
29027,-91.926023,38.835520
29029,-92.766047,38.027032
29031,-89.684467,37.384025
29033,-93.505172,39.426990
29035,-90.962342,36.941236
29037,-94.354893,38.647018
29039,-93.856619,37.723836
29041,-92.962646,39.515098
29043,-93.188858,36.969569
29045,-91.738350,40.410334
29047,-94.420887,39.310512
29049,-94.404584,39.601778
29051,-92.281631,38.505411
29053,-92.810109,38.843545
29055,-91.303940,37.976357
29057,-93.850254,37.432051
29059,-93.023655,37.680422
29061,-93.985488,39.960761
29063,-94.404716,39.893173
29065,-91.507914,37.606631
29067,-92.498796,36.932597
29069,-90.090912,36.272111
29071,-91.075027,38.411117
29073,-91.507924,38.440879
29075,-94.409879,40.212067
29077,-93.341993,37.258056
29079,-93.565344,40.113933
29081,-93.992040,40.354669
29083,-93.792757,38.385177
29085,-93.320721,37.940801
29087,-95.215537,40.094402
29089,-92.696273,39.142500
29091,-91.886519,36.774018
29093,-90.773436,37.555147
29095,-94.346130,39.008505
29097,-94.340610,37.203557
29099,-90.537734,38.261065
29101,-93.806415,38.744060
29103,-92.148075,40.128256
29105,-92.590338,37.658323
29107,-93.785503,39.065554
29109,-93.832959,37.106386
29111,-91.722111,40.096871
29113,-90.960069,39.058032
29115,-93.107198,39.870207
29117,-93.548265,39.782123
29119,-94.348338,36.628690
29121,-92.564613,39.830781
29123,-90.345021,37.478047
29125,-91.924858,38.161646
29127,-91.622443,39.805945
29129,-93.568551,40.422334
29131,-92.428384,38.214505
29133,-89.291149,36.828087
29135,-92.583092,38.632758
29137,-92.000736,39.495455
29139,-91.470228,38.941460
29141,-92.885993,38.423717
29143,-89.651746,36.594583
29145,-94.339256,36.905508
29147,-94.883447,40.360746
29149,-91.403310,36.686694
29151,-91.861827,38.460377
29153,-92.444682,36.649316
29155,-89.785398,36.211379
29157,-89.824442,37.707158
29159,-93.285100,38.728294
29161,-91.792337,37.877167
29163,-91.171368,39.343829
29165,-94.773653,39.380464
29167,-93.400531,37.616490
29169,-92.207639,37.824580
29171,-93.016167,40.478913
29173,-91.522031,39.527683
29175,-92.497087,39.440130
29177,-93.989914,39.352392
29179,-90.969099,37.362344
29181,-90.863825,36.652805
29183,-90.674870,38.781933
29185,-93.775969,38.037185
29186,-90.194504,37.894454
29187,-90.472219,37.810244
29189,-90.443372,38.640537
29195,-93.201842,39.136849
29197,-92.520970,40.470259
29199,-92.147063,40.452594
29201,-89.568520,37.053040
29203,-91.400486,37.157409
29205,-92.076605,39.797770
29207,-89.944304,36.855599
29209,-93.455992,36.746926
29211,-93.111494,40.210601
29213,-93.041135,36.654760
29215,-91.965045,37.317302
29217,-94.342441,37.850579
29219,-91.160670,38.764606
29221,-90.877414,37.961684
29223,-90.461409,37.112653
29225,-92.875875,37.280898
29227,-94.422123,40.479102
29229,-92.468713,37.270157
29510,-90.245114,38.635829
30001,-112.899095,45.132835
30003,-107.489713,45.423459
30005,-108.958582,48.432707
30007,-111.495505,46.332419
30009,-109.028132,45.227372
30011,-104.536150,45.516738
30013,-111.347046,47.307958
30015,-110.435192,47.880584
30017,-105.571719,46.252675
30019,-105.548552,48.783780
30021,-104.899499,47.266379
30023,-113.067926,46.060728
30025,-104.417411,46.333972
30027,-109.224482,47.263607
30029,-114.049668,48.295146
30031,-111.170453,45.540680
30033,-106.992884,47.277623
30035,-112.994735,48.705136
30037,-109.175152,46.381220
30039,-113.440364,46.404483
30041,-110.111197,48.628223
30043,-112.093809,46.148449
30045,-110.266031,47.045435
30047,-114.089366,47.645909
30049,-112.390454,47.122447
30051,-111.024584,48.561666
30053,-115.405179,48.542442
30055,-105.795421,47.645216
30057,-111.920268,45.300677
30059,-110.885628,46.598177
30061,-114.998462,47.147296
30063,-113.923717,47.036529
30065,-108.398165,46.496619
30067,-110.526439,45.488401
30069,-108.250197,47.117542
30071,-107.913256,48.259189
30073,-112.226366,48.227770
30075,-105.630189,45.395044
30077,-112.936110,46.856351
30079,-105.377939,46.860523
30081,-114.120681,46.081694
30083,-104.561422,47.787915
30085,-105.016436,48.294520
30087,-106.730763,46.229711
30089,-115.133233,47.674795
30091,-104.504674,48.721233
30093,-112.656735,45.902403
30095,-109.395213,45.669038
30097,-109.941046,45.813883
30099,-112.240855,47.837115
30101,-111.695642,48.655402
30103,-107.271600,46.211341
30105,-106.667467,48.365264
30107,-109.844493,46.466314
30109,-104.248965,46.965263
30111,-108.274411,45.937347
31001,-98.501209,40.524476
31003,-98.066683,42.176912
31005,-101.695915,41.568935
31007,-103.710614,41.546021
31009,-99.976815,41.912780
31011,-98.067242,41.706783
31013,-103.085657,42.219772
31015,-98.766542,42.899697
31017,-99.929500,42.430000
31019,-99.074968,40.855153
31021,-96.328615,41.851530
31023,-97.131758,41.226079
31025,-96.140876,40.909712
31027,-97.252414,42.599255
31029,-101.697983,40.524177
31031,-101.118596,42.544987
31033,-102.994957,41.219769
31035,-98.051286,40.524435
31037,-97.086467,41.574011
31039,-96.787386,41.916399
31041,-99.726147,41.394277
31043,-96.564569,42.391133
31045,-103.135451,42.719720
31047,-99.819569,40.869949
31049,-102.333784,41.111556
31051,-96.867753,42.493208
31053,-96.654016,41.577912
31055,-96.154301,41.295347
31057,-101.687947,40.176201
31059,-97.596500,40.524657
31061,-98.952802,40.176329
31063,-100.394145,40.530092
31065,-99.912310,40.176444
31067,-96.689442,40.261890
31069,-102.335513,41.619413
31071,-98.991403,41.914356
31073,-99.830691,40.514816
31075,-101.740544,41.914971
31077,-98.521217,41.567441
31079,-98.502167,40.872578
31081,-98.022863,40.873023
31083,-99.404652,40.176498
31085,-101.061861,40.524771
31087,-101.042256,40.176337
31089,-98.783830,42.455712
31091,-101.135309,41.916051
31093,-98.517108,41.220049
31095,-97.142723,40.175732
31097,-96.265085,40.392633
31099,-98.948014,40.506703
31101,-101.661278,41.198850
31103,-99.712397,42.878876
31105,-103.714917,41.197758
31107,-97.891904,42.636822
31109,-96.687753,40.784172
31111,-100.745297,41.047740
31113,-100.482843,41.566503
31115,-99.454383,41.913854
31117,-101.060518,41.568151
31119,-97.600764,41.916695
31121,-98.038020,41.169040
31123,-103.010641,41.715997
31125,-97.992204,41.397324
31127,-95.849834,40.387649
31129,-98.047192,40.176387
31131,-96.134763,40.648500
31133,-96.237062,40.131463
31135,-101.649802,40.850977
31137,-99.414538,40.511114
31139,-97.601301,42.264361
31141,-97.521138,41.571295
31143,-97.568439,41.186900
31145,-100.476878,40.175828
31147,-95.717548,40.125044
31149,-99.449912,42.421313
31151,-97.140922,40.524066
31153,-96.111951,41.112907
31155,-96.637379,41.226366
31157,-103.707941,41.850563
31159,-97.139519,40.872382
31161,-102.408921,42.504751
31163,-98.976204,41.220588
31165,-103.758885,42.487646
31167,-97.193912,41.916935
31169,-97.594951,40.176240
31171,-100.555790,41.913579
31173,-96.544028,42.158201
31175,-98.981872,41.567324
31177,-96.222007,41.531063
31179,-97.119263,42.209286
31181,-98.499971,40.176441
31183,-98.528181,41.914768
31185,-97.597118,40.872742
32001,-118.335851,39.580920
32003,-115.013536,36.215241
32005,-119.616390,38.912192
32007,-115.357766,41.145809
32009,-117.632282,37.784615
32011,-116.268581,39.983864
32013,-118.112005,41.406838
32015,-117.038025,39.933667
32017,-114.877531,37.643344
32019,-119.189121,39.020289
32021,-118.435082,38.538758
32023,-116.471902,38.042266
32027,-118.404390,40.440437
32029,-119.529158,39.446535
32031,-119.664253,40.665486
32033,-114.901547,39.442118
32510,-119.747428,39.151152
33001,-71.423293,43.518690
33003,-71.202810,43.873882
33005,-72.251167,42.919309
33007,-71.305579,44.689611
33009,-71.820621,43.940785
33011,-71.716054,42.915324
33013,-71.680166,43.297662
33015,-71.125294,42.987537
33017,-71.029419,43.297380
33019,-72.222366,43.361260
34001,-74.660778,39.477731
34003,-74.074411,40.959737
34005,-74.668181,39.877652
34007,-74.959754,39.803522
34009,-74.800278,39.149011
34011,-75.110881,39.373510
34013,-74.246853,40.787075
34015,-75.141643,39.717296
34017,-74.077692,40.734947
34019,-74.912225,40.567273
34021,-74.701690,40.283394
34023,-74.411775,40.439107
34025,-74.221126,40.260421
34027,-74.544424,40.862016
34029,-74.281289,39.885044
34031,-74.300894,41.034374
34033,-75.348973,39.587396
34035,-74.616336,40.563500
34037,-74.690754,41.139400
34039,-74.308935,40.659898
34041,-74.997021,40.857221
35001,-106.670137,35.051303
35003,-108.404680,33.915330
35005,-104.467023,33.363159
35006,-107.999663,34.912603
35007,-104.646826,36.606111
35009,-103.346851,34.574190
35011,-104.411969,34.342454
35013,-106.832811,32.352672
35015,-104.304210,32.471472
35017,-108.382295,32.738969
35019,-104.790766,34.863243
35021,-103.819989,35.857854
35023,-108.714792,31.914077
35025,-103.412444,32.792168
35027,-105.459217,33.745163
35028,-106.307242,35.869365
35029,-107.749752,32.182199
35031,-108.261832,35.580647
35033,-104.944541,36.009949
35035,-105.741596,32.613119
35037,-103.549604,35.104400
35039,-106.693105,36.509579
35041,-103.480186,34.021307
35043,-106.865829,35.688551
35045,-108.320612,36.508503
35047,-104.815819,35.480247
35049,-105.976076,35.506852
35051,-107.192270,33.130576
35053,-106.930267,34.007289
35055,-105.630965,36.578303
35057,-105.850797,34.640401
35059,-103.471028,36.481737
35061,-106.809103,34.715452
36001,-73.973555,42.600177
36003,-78.027589,42.257403
36005,-73.865984,40.850021
36007,-75.819618,42.160252
36009,-78.678855,42.248599
36011,-76.554507,42.917497
36013,-79.366341,42.228167
36015,-76.760025,42.141256
36017,-75.611592,42.493507
36019,-73.678165,44.746181
36021,-73.631797,42.250081
36023,-76.070279,42.595015
36025,-74.966468,42.198069
36027,-73.742860,41.765147
36029,-78.732315,42.763953
36031,-73.772604,44.117190
36033,-74.303835,44.592860
36035,-74.422156,43.113835
36037,-78.193755,43.000937
36039,-74.122720,42.276513
36041,-74.497371,43.661132
36043,-74.962520,43.419714
36045,-75.921021,44.049427
36047,-73.938531,40.639524
36049,-75.448848,43.784657
36051,-77.775495,42.728062
36053,-75.669649,42.912766
36055,-77.696090,43.146446
36057,-74.439716,42.902292
36059,-73.586410,40.732805
36061,-73.967562,40.778008
36063,-78.745248,43.200062
36065,-75.435851,43.241736
36067,-76.194637,43.005813
36069,-77.299822,42.852848
36071,-74.305544,41.402137
36073,-78.231212,43.252077
36075,-76.141360,43.426924
36077,-75.032596,42.633754
36079,-73.749480,41.426663
36081,-73.820272,40.702284
36083,-73.509718,42.711079
36085,-74.152386,40.580774
36087,-74.024066,41.152376
36089,-75.069101,44.496385
36091,-73.863898,43.107380
36093,-74.058572,42.818127
36095,-74.442114,42.588215
36097,-76.875172,42.393804
36099,-76.823784,42.781054
36101,-77.383785,42.267808
36103,-72.844782,40.868607
36105,-74.768111,41.716434
36107,-76.306349,42.170335
36109,-76.473637,42.452027
36111,-74.258544,41.888139
36113,-73.846017,43.560967
36115,-73.430752,43.313713
36117,-77.029373,43.156637
36119,-73.756061,41.162317
36121,-78.224456,42.702374
36123,-77.105468,42.633449
37001,-79.399472,36.044051
37003,-81.177016,35.921042
37005,-81.127221,36.491360
37007,-80.102692,34.973830
37009,-81.500339,36.434174
37011,-81.922469,36.076607
37013,-76.859695,35.492779
37015,-76.978564,36.066101
37017,-78.563177,34.614302
37019,-78.237601,34.071089
37021,-82.530104,35.611217
37023,-81.704708,35.749528
37025,-80.552060,35.386906
37027,-81.546527,35.952960
37029,-76.206413,36.387777
37031,-76.657705,34.835903
37033,-79.333619,36.393308
37035,-81.214480,35.662603
37037,-79.255362,35.702562
37039,-84.063486,35.133868
37041,-76.607893,36.150771
37043,-83.750216,35.057203
37045,-81.555627,35.334105
37047,-78.655092,34.265437
37049,-77.094480,35.124365
37051,-78.827456,35.048588
37053,-76.005797,36.403045
37055,-75.797967,35.779555
37057,-80.212688,35.793292
37059,-80.544481,35.929150
37061,-77.932929,34.936265
37063,-78.876334,36.036031
37065,-77.597066,35.912953
37067,-80.256365,36.130498
37069,-78.285608,36.082777
37071,-81.180254,35.294385
37073,-76.700484,36.444900
37075,-83.833480,35.350152
37077,-78.653030,36.304012
37079,-77.675846,35.485403
37081,-79.789003,36.079448
37083,-77.651862,36.257485
37085,-78.869292,35.368612
37087,-82.982250,35.556053
37089,-82.479954,35.336359
37091,-76.981967,36.359077
37093,-79.237088,35.017368
37095,-76.250870,35.530537
37097,-80.873438,35.807089
37099,-83.140831,35.287395
37101,-78.365634,35.517614
37103,-77.355255,35.021669
37105,-79.171428,35.475153
37107,-77.641281,35.239152
37109,-81.223868,35.486182
37111,-82.048717,35.681253
37113,-83.422112,35.150431
37115,-82.705775,35.858049
37117,-77.107085,35.841593
37119,-80.832775,35.246679
37121,-82.163466,36.013326
37123,-79.905468,35.332462
37125,-79.481308,35.310707
37127,-77.986471,35.967208
37129,-77.884748,34.232673
37131,-77.396760,36.417672
37133,-77.432279,34.731736
37135,-79.120587,36.061296
37137,-76.740846,35.143509
37139,-76.283991,36.295428
37141,-77.905571,34.524662
37143,-76.441224,36.205808
37145,-78.971725,36.390071
37147,-77.374637,35.593523
37149,-82.169626,35.279309
37151,-79.806159,35.710328
37153,-79.747833,35.005941
37155,-79.103565,34.640082
37157,-79.775140,36.396054
37159,-80.524637,35.639530
37161,-81.920071,35.402261
37163,-78.371511,34.991621
37165,-79.480408,34.840907
37167,-80.250931,35.311992
37169,-80.239581,36.401918
37171,-80.687520,36.414664
37173,-83.492735,35.486684
37175,-82.798258,35.202104
37177,-76.208039,35.817584
37179,-80.530715,34.988413
37181,-78.408348,36.364738
37183,-78.650231,35.790140
37185,-78.106873,36.396567
37187,-76.576752,35.822167
37189,-81.696346,36.231079
37191,-78.004143,35.363795
37193,-81.162904,36.206211
37195,-77.918612,35.705033
37197,-80.665339,36.160538
37199,-82.307578,35.898906
38001,-102.528503,46.096834
38003,-98.071574,46.936109
38005,-99.366005,48.069381
38007,-103.376384,47.023417
38009,-100.833318,48.792180
38011,-103.520703,46.112623
38013,-102.518298,48.790997
38015,-100.468742,46.977384
38017,-97.248047,46.932975
38019,-98.464857,48.772342
38021,-98.504671,46.110184
38023,-103.487249,48.814914
38025,-102.618281,47.356764
38027,-98.901625,47.717584
38029,-100.238774,46.285047
38031,-98.882988,47.457068
38033,-103.846629,46.940304
38035,-97.456971,47.921909
38037,-101.639715,46.358277
38039,-98.237049,47.457283
38041,-102.460353,46.432526
38043,-99.780095,46.980140
38045,-98.535440,46.456906
38047,-99.477409,46.457367
38049,-100.636282,48.234575
38051,-99.441209,46.111855
38053,-103.395290,47.740188
38055,-101.321857,47.606964
38057,-101.831525,47.309219
38059,-101.281179,46.716052
38061,-102.355660,48.201328
38063,-98.192056,47.921702
38065,-101.340363,47.115273
38067,-97.551848,48.767500
38069,-99.971835,48.249593
38071,-98.720121,48.268938
38073,-97.657465,46.456161
38075,-101.657820,48.719054
38077,-96.948295,46.264606
38079,-99.840966,48.772454
38081,-97.630556,46.107826
38083,-100.345676,47.575411
38085,-101.040413,46.112662
38087,-103.459862,46.447231
38089,-102.655105,46.810680
38091,-97.724699,47.456167
38093,-98.958837,46.979242
38095,-99.245780,48.685540
38097,-97.161610,47.454180
38099,-97.721345,48.369465
38101,-101.541799,48.221738
38103,-99.660971,47.587524
38105,-103.480225,48.343685
39001,-83.472030,38.845615
39003,-84.105792,40.771540
39005,-82.270686,40.846013
39007,-80.748302,41.707554
39009,-82.045206,39.333888
39011,-84.221729,40.560918
39013,-80.988485,40.015827
39015,-83.867426,38.934007
39017,-84.575572,39.438627
39019,-81.089717,40.579578
39021,-83.769496,40.137675
39023,-83.783908,39.916777
39025,-84.151834,39.047480
39027,-83.808369,39.414982
39029,-80.777196,40.768425
39031,-81.920017,40.301662
39033,-82.919777,40.850769
39035,-81.658648,41.424441
39037,-84.619402,40.133269
39039,-84.490475,41.323917
39041,-83.004874,40.278397
39043,-82.619663,41.364662
39045,-82.630578,39.751633
39047,-83.456087,39.559876
39049,-83.009296,39.969542
39051,-84.130081,41.601816
39053,-82.316931,38.824729
39055,-81.178663,41.499525
39057,-83.889890,39.691464
39059,-81.494256,40.052034
39061,-84.542776,39.195539
39063,-83.666539,41.001922
39065,-83.659425,40.661517
39067,-81.091124,40.293826
39069,-84.068227,41.333879
39071,-83.600983,39.184714
39073,-82.479259,39.497064
39075,-81.929341,40.561205
39077,-82.598406,41.146152
39079,-82.618418,39.019657
39081,-80.761003,40.385013
39083,-82.421514,40.398760
39085,-81.237325,41.696562
39087,-82.536779,38.598419
39089,-82.483119,40.091621
39091,-83.765848,40.388461
39093,-82.151161,41.295602
39095,-83.656551,41.620544
39097,-83.400207,39.894021
39099,-80.776310,41.014645
39101,-83.160873,40.587190
39103,-81.899693,41.117595
39105,-82.022866,39.082226
39107,-84.629372,40.539947
39109,-84.228847,40.053464
39111,-81.082925,39.727356
39113,-84.290679,39.754578
39115,-81.852674,39.620375
39117,-82.794077,40.524079
39119,-81.944369,39.965443
39121,-81.455574,39.765942
39123,-83.140040,41.537719
39125,-84.580210,41.116624
39127,-82.236132,39.737149
39129,-83.024395,39.641930
39131,-83.066766,39.077319
39133,-81.197405,41.167675
39135,-84.647980,39.741526
39137,-84.131727,41.022121
39139,-82.536496,40.774656
39141,-83.057023,39.337594
39143,-83.145444,41.356799
39145,-82.992828,38.803999
39147,-83.127661,41.123860
39149,-84.204748,40.331554
39151,-81.365628,40.813883
39153,-81.532167,41.125976
39155,-80.761138,41.317188
39157,-81.473757,40.440941
39159,-83.371567,40.299411
39161,-84.586116,40.855407
39163,-82.485343,39.250973
39165,-84.166766,39.427562
39167,-81.495285,39.455315
39169,-81.888035,40.828879
39171,-84.588158,41.560315
39173,-83.623000,41.361681
39175,-83.304376,40.842380
40001,-94.658660,35.883911
40003,-98.324008,36.731038
40005,-96.037826,34.373728
40007,-100.476749,36.749662
40009,-99.681905,35.268730
40011,-98.433442,35.875213
40013,-96.259793,33.962326
40015,-98.375141,35.174382
40017,-97.982370,35.542442
40019,-97.285795,34.250849
40021,-94.999667,35.906591
40023,-95.552158,34.026599
40025,-102.517745,36.748262
40027,-97.326419,35.203044
40029,-96.297824,34.588217
40031,-98.471658,34.662095
40033,-98.372214,34.290164
40035,-95.208484,36.761725
40037,-96.370950,35.902682
40039,-99.001493,35.638883
40041,-94.802649,36.408201
40043,-99.007911,35.987684
40045,-99.754638,36.218364
40047,-97.782723,36.379058
40049,-97.309323,34.704562
40051,-97.884114,35.016942
40053,-97.786131,36.796140
40055,-99.560818,34.935721
40057,-99.846273,34.744100
40059,-99.667306,36.788682
40061,-95.116580,35.224847
40063,-96.250261,35.048338
40065,-99.414814,34.587980
40067,-97.835875,34.111032
40069,-96.660676,34.316474
40071,-97.143958,36.818001
40073,-97.942094,35.945395
40075,-98.980851,34.916353
40077,-95.250395,34.876088
40079,-94.703419,34.900310
40081,-96.880918,35.702963
40083,-97.443301,35.919324
40085,-97.244129,33.949890
40087,-97.444298,35.009333
40089,-94.771267,34.115420
40091,-95.666818,35.373661
40093,-98.535957,36.311643
40095,-96.769127,34.024442
40097,-95.230846,36.301872
40099,-97.067907,34.482341
40101,-95.379579,35.616147
40103,-97.230507,36.388587
40105,-95.617392,36.798478
40107,-96.322825,35.465458
40109,-97.407213,35.551521
40111,-95.964331,35.646660
40113,-96.398498,36.629170
40115,-94.810447,36.835523
40117,-96.699299,36.316917
40119,-96.975802,36.077306
40121,-95.748366,34.923934
40123,-96.684449,34.728001
40125,-96.948338,35.206699
40127,-95.375797,34.416213
40129,-99.695769,35.688338
40131,-95.604363,36.371575
40133,-96.615521,35.167486
40135,-94.755203,35.495342
40137,-97.851479,34.485600
40139,-101.490052,36.747894
40141,-98.924211,34.372837
40143,-95.941466,36.121085
40145,-95.521179,35.961089
40147,-95.904360,36.715236
40149,-98.992209,35.290378
40151,-98.865102,36.766944
40153,-99.265016,36.422622
41001,-117.675225,44.709253
41003,-123.429326,44.491768
41005,-122.220941,45.188144
41007,-123.655516,45.995024
41009,-123.088044,45.943764
41011,-124.059475,43.174056
41013,-120.356654,44.142280
41015,-124.156876,42.457647
41017,-121.227794,43.914872
41019,-123.166266,43.279699
41021,-120.210919,45.378049
41023,-119.007504,44.490977
41025,-118.967830,43.063846
41027,-121.651155,45.519175
41029,-122.728502,42.432118
41031,-121.175431,44.629437
41033,-123.555620,42.365494
41035,-121.650066,42.686256
41037,-120.387505,42.793473
41039,-122.847934,43.938674
41041,-123.868331,44.641780
41043,-122.534244,44.488647
41045,-117.623085,43.193364
41047,-122.584564,44.903286
41049,-119.584355,45.418819
41051,-122.415133,45.546865
41053,-123.413371,44.903502
41055,-120.689316,45.405195
41057,-123.712807,45.463478
41059,-118.736892,45.591772
41061,-118.009017,45.310359
41063,-117.181130,45.579880
41065,-121.168253,45.160084
41067,-123.098404,45.560051
41069,-120.027378,44.726026
41071,-123.308120,45.232590
42001,-77.217875,39.871492
42003,-79.981193,40.468830
42005,-79.464528,40.812305
42007,-80.349285,40.682273
42009,-78.490296,40.006547
42011,-75.925987,40.416296
42013,-78.348612,40.480989
42015,-76.515386,41.788697
42017,-75.106785,40.336868
42019,-79.912984,40.911734
42021,-78.713719,40.495271
42023,-78.203880,41.436729
42025,-75.708813,40.918176
42027,-77.819945,40.919306
42029,-75.748444,39.973058
42031,-79.420961,41.192399
42033,-78.474128,41.000167
42035,-77.638161,41.234051
42037,-76.405195,41.048699
42039,-80.106252,41.684703
42041,-77.265532,40.163626
42043,-76.779457,40.415450
42045,-75.399085,39.916698
42047,-78.649138,41.425233
42049,-80.032816,41.992590
42051,-79.647348,39.919891
42053,-79.236021,41.512993
42055,-77.721282,39.927405
42057,-78.112685,39.925356
42059,-80.222920,39.853836
42061,-77.981208,40.416954
42063,-79.087548,40.652069
42065,-78.999434,41.128158
42067,-77.402181,40.531052
42069,-75.609208,41.436829
42071,-76.247724,40.042434
42073,-80.334227,40.991247
42075,-76.457709,40.367227
42077,-75.592341,40.612709
42079,-75.989007,41.177021
42081,-77.064533,41.343401
42083,-78.569055,41.807694
42085,-80.257680,41.302181
42087,-77.617034,40.610423
42089,-75.339462,41.058055
42091,-75.367284,40.210823
42093,-76.658587,41.027866
42095,-75.307394,40.754222
42097,-76.709344,40.852015
42099,-77.262308,40.398396
42101,-75.133984,40.007619
42103,-75.033834,41.331993
42105,-77.895813,41.744927
42107,-76.215980,40.705814
42109,-77.070180,40.769836
42111,-79.028264,39.972469
42113,-76.512235,41.446158
42115,-75.800703,41.821376
42117,-77.254265,41.772172
42119,-77.062207,40.962997
42121,-79.757953,41.400990
42123,-79.274129,41.814509
42125,-80.248240,40.189405
42127,-75.303271,41.648731
42129,-79.466965,40.310723
42131,-76.016598,41.518364
42133,-76.726526,39.919964
44001,-71.284080,41.717299
44003,-71.592875,41.672190
44005,-71.236796,41.556387
44007,-71.580045,41.872140
44009,-71.622598,41.469733
45001,-82.458749,34.222550
45003,-81.634753,33.544324
45005,-81.358300,32.988153
45007,-82.637889,34.519098
45009,-81.054242,33.214798
45011,-81.435001,33.266050
45013,-80.730175,32.385558
45015,-79.950994,33.197680
45017,-80.780303,33.674884
45019,-79.952861,32.834693
45021,-81.620354,35.048194
45023,-81.159529,34.692044
45025,-80.158734,34.639799
45027,-80.216418,33.665793
45029,-80.666892,32.863614
45031,-79.957692,34.332364
45033,-79.378919,34.391492
45035,-80.405556,33.079492
45037,-81.966569,33.772281
45039,-81.121231,34.395104
45041,-79.702805,34.024392
45043,-79.332400,33.434248
45045,-82.370713,34.894378
45047,-82.125919,34.153814
45049,-81.140695,32.776291
45051,-78.996561,33.921418
45053,-81.031511,32.436694
45055,-80.590232,34.338765
45057,-80.705427,34.686694
45059,-82.005946,34.483566
45061,-80.254496,34.163323
45063,-81.272193,33.902320
45065,-82.309874,33.899577
45067,-79.362496,34.080081
45069,-79.678613,34.601980
45071,-81.600130,34.289813
45073,-83.065836,34.753472
45075,-80.800302,33.439001
45077,-82.725312,34.887475
45079,-80.903054,34.021818
45081,-81.726900,34.006134
45083,-81.990679,34.931259
45085,-80.382256,33.916200
45087,-81.619408,34.689274
45089,-79.727721,33.619911
45091,-81.184411,34.974744
46003,-98.561537,43.718003
46005,-98.278119,44.414475
46007,-101.663969,43.194982
46009,-97.884595,42.988465
46011,-96.790455,44.369666
46013,-98.351598,45.589791
46015,-99.080941,43.718070
46017,-99.204872,44.076304
46019,-103.507935,44.905778
46021,-100.051612,45.771172
46023,-98.587900,43.207924
46025,-97.729501,44.858241
46027,-96.975645,42.914681
46029,-97.188622,44.977856
46031,-101.196905,45.708608
46033,-103.451517,43.677621
46035,-98.145987,43.674722
46037,-97.607421,45.367141
46039,-96.668016,44.760057
46041,-100.871845,45.156638
46043,-98.366078,43.386919
46045,-99.215325,45.418791
46047,-103.527498,43.239375
46049,-99.145289,45.071014
46051,-96.767678,45.171937
46053,-99.185608,43.192418
46055,-101.539920,44.294453
46057,-97.188319,44.673761
46059,-99.004931,44.547780
46061,-97.787321,43.674819
46063,-103.495836,45.580325
46065,-99.996018,44.389022
46067,-97.754421,43.334867
46069,-99.487055,44.547311
46071,-101.628143,43.694261
46073,-98.629692,44.066323
46075,-100.689713,43.960596
46077,-97.491522,44.369590
46079,-97.129360,44.022054
46081,-103.792284,44.358642
46083,-96.721770,43.278928
46085,-99.847376,43.895827
46087,-97.368445,43.674299
46089,-99.221404,45.766407
46091,-97.598644,45.758555
46093,-102.716860,44.566816
46095,-100.759973,43.581274
46097,-97.610196,44.021952
46099,-96.791472,43.674157
46101,-96.670888,44.021966
46103,-102.823842,44.003766
46105,-102.475693,45.490468
46107,-99.957269,45.064508
46109,-96.946098,45.629568
46111,-98.091351,44.023421
46115,-98.346203,44.938024
46117,-100.735929,44.412303
46119,-100.132191,44.715571
46121,-100.718389,43.193391
46123,-99.883956,43.345931
46125,-97.148669,43.310892
46127,-96.656027,42.832575
46129,-100.031541,45.429951
46135,-97.394737,43.008979
46137,-101.665802,44.980414
47001,-84.198461,36.118450
47003,-86.458887,35.513803
47005,-88.068305,36.069789
47007,-85.205169,35.596409
47009,-83.925556,35.687231
47011,-84.859600,35.154098
47013,-84.149404,36.403526
47015,-86.061735,35.808671
47017,-88.450289,35.973156
47019,-82.127436,36.292768
47021,-87.086756,36.261139
47023,-88.613455,35.421748
47025,-83.660419,36.485857
47027,-85.543906,36.551141
47029,-83.121183,35.925438
47031,-86.074750,35.490621
47033,-89.139516,35.813542
47035,-84.998370,35.950376
47037,-86.784904,36.169469
47039,-88.108793,35.603049
47041,-85.832776,35.979854
47043,-87.356664,36.149033
47045,-89.413776,36.059050
47047,-89.414368,35.197104
47049,-84.932447,36.380477
47051,-86.092191,35.155044
47053,-88.932620,35.996607
47055,-87.034794,35.202147
47057,-83.509614,36.276258
47059,-82.845823,36.175343
47061,-85.722591,35.388393
47063,-83.266685,36.217135
47065,-85.164798,35.180830
47067,-83.221894,36.523613
47069,-88.993074,35.206843
47071,-88.184489,35.198700
47073,-82.944667,36.441177
47075,-89.283815,35.583231
47077,-88.388022,35.654233
47079,-88.301277,36.331781
47081,-87.473345,35.803229
47083,-87.717040,36.285962
47085,-87.775640,36.040810
47087,-85.673161,36.359210
47089,-83.446301,36.050986
47091,-81.851762,36.454940
47093,-83.937092,35.993221
47095,-89.493536,36.335247
47097,-89.631449,35.760990
47099,-87.395594,35.217348
47101,-87.493101,35.527274
47103,-86.588979,35.140527
47105,-84.311866,35.734789
47107,-84.617466,35.424754
47109,-88.563607,35.175506
47111,-86.007271,36.531996
47113,-88.838465,35.608147
47115,-85.622079,35.129338
47117,-86.765019,35.468857
47119,-87.077029,35.616953
47121,-84.813397,35.512807
47123,-84.252734,35.442646
47125,-87.382812,36.496888
47127,-86.358733,35.284615
47129,-84.649197,36.135007
47131,-89.148782,36.358209
47133,-85.288087,36.344977
47135,-87.858950,35.642635
47137,-85.074881,36.558403
47139,-84.523325,35.119885
47141,-85.495167,36.140819
47143,-84.924397,35.608723
47145,-84.523240,35.847857
47147,-86.870582,36.525478
47149,-86.416734,35.842716
47151,-84.503487,36.428501
47153,-85.410572,35.371145
47155,-83.524196,35.784621
47157,-89.895548,35.183985
47159,-85.956712,36.250502
47161,-87.838446,36.501159
47163,-82.304187,36.512912
47165,-86.460378,36.469375
47167,-89.759209,35.496870
47169,-86.156767,36.392054
47171,-82.432239,36.110823
47173,-83.837533,36.287872
47175,-85.452631,35.695971
47177,-85.778510,35.678698
47179,-82.497441,36.293293
47181,-87.788049,35.239910
47183,-88.717800,36.298258
47185,-85.455199,35.926360
47187,-86.898595,35.893778
47189,-86.297718,36.154852
48001,-95.652537,31.813317
48003,-102.637737,32.305030
48005,-94.611848,31.254772
48007,-96.993454,28.124702
48009,-98.687629,33.615231
48011,-101.357384,34.964943
48013,-98.527156,28.893508
48015,-96.277895,29.887006
48017,-102.829871,34.068568
48019,-99.246305,29.747211
48021,-97.312022,30.103600
48023,-99.213527,33.616515
48025,-97.741166,28.417372
48027,-97.478220,31.037677
48029,-98.520005,29.448941
48031,-98.399880,30.266358
48033,-101.431717,32.743640
48035,-97.634325,31.900383
48037,-94.423365,33.445783
48039,-95.451924,29.189658
48041,-96.302386,30.660807
48043,-103.251739,29.811940
48045,-101.208553,34.530275
48047,-98.218742,27.031583
48049,-98.999780,31.774250
48051,-96.621439,30.492476
48053,-98.182430,30.788351
48055,-97.619990,29.837096
48057,-96.602008,28.506657
48059,-99.373485,32.297648
48061,-97.518006,26.133469
48063,-94.978520,32.973216
48065,-101.354202,35.403491
48067,-94.343544,33.077536
48069,-102.261683,34.529873
48071,-94.610996,29.738592
48073,-95.165188,31.836958
48075,-100.207618,34.529140
48077,-98.208512,33.785506
48079,-102.828519,33.604186
48081,-100.529923,31.888632
48083,-99.453634,31.773208
48085,-96.572389,33.187929
48087,-100.270012,34.964832
48089,-96.526267,29.620822
48091,-98.278253,29.808186
48093,-98.558250,31.947986
48095,-99.864029,31.326575
48097,-97.212588,33.639259
48099,-97.799205,31.390917
48101,-100.278792,34.077643
48103,-102.515592,31.428618
48105,-101.412049,30.723089
48107,-101.299987,33.614665
48109,-104.517318,31.447064
48111,-102.602213,36.277881
48113,-96.777875,32.766632
48115,-101.947646,32.742555
48117,-102.604986,34.966033
48119,-95.672349,33.386278
48121,-97.117001,33.205239
48123,-97.356744,29.082065
48125,-100.778911,33.616459
48127,-99.756655,28.422556
48129,-100.813984,34.965445
48131,-98.508871,27.681382
48133,-98.832307,32.327086
48135,-102.542881,31.869186
48137,-100.304763,29.982716
48139,-96.794508,32.348425
48141,-106.234837,31.768573
48143,-98.217943,32.236253
48145,-96.935864,31.253272
48147,-96.106863,33.593832
48149,-96.919779,29.876770
48151,-100.402186,32.742813
48153,-101.303235,34.072427
48155,-99.778004,33.974586
48157,-95.770892,29.527502
48159,-95.218435,33.175525
48161,-96.149084,31.704904
48163,-99.108204,28.867785
48165,-102.635183,32.740749
48167,-94.962910,29.393077
48169,-101.298457,33.179866
48171,-98.946568,30.318055
48173,-101.520786,31.869467
48175,-97.426446,28.657087
48177,-97.492548,29.456680
48179,-100.812595,35.401208
48181,-96.677724,33.626775
48183,-94.816955,32.480468
48185,-95.985512,30.543477
48187,-97.948582,29.583059
48189,-101.826885,34.070505
48191,-100.681109,34.530786
48193,-98.110702,31.704816
48195,-101.354572,36.277429
48197,-99.745692,34.290245
48199,-94.390213,30.332384
48201,-95.393605,29.857751
48203,-94.371468,32.548137
48205,-102.602923,35.839990
48207,-99.730300,33.178230
48209,-98.031063,30.058141
48211,-100.270611,35.837540
48213,-95.853592,32.211895
48215,-98.181205,26.396883
48217,-97.132429,31.990677
48219,-102.343189,33.607630
48221,-97.832300,32.429946
48223,-95.563948,33.149561
48225,-95.422681,31.317733
48227,-101.435583,32.306156
48229,-105.386467,31.456237
48231,-96.085477,33.123584
48233,-101.354680,35.840037
48235,-100.982390,31.303914
48237,-98.172473,33.233463
48239,-96.577634,28.954231
48241,-94.025113,30.744026
48243,-104.139962,30.715375
48245,-94.162931,29.884051
48247,-98.697332,27.043420
48249,-98.089867,27.731351
48251,-97.366347,32.379013
48253,-99.878751,32.739894
48255,-97.859382,28.905729
48257,-96.287774,32.599304
48259,-98.711540,29.944654
48261,-97.701736,26.928545
48263,-100.777624,33.181313
48265,-99.350012,30.061455
48267,-99.748688,30.486797
48269,-100.255841,33.616549
48271,-100.417985,29.350085
48273,-97.727283,27.433707
48275,-99.741427,33.606092
48277,-95.571197,33.667250
48279,-102.351713,34.068593
48281,-98.241462,31.196215
48283,-99.099586,28.345144
48285,-96.930126,29.384341
48287,-96.965692,30.310654
48289,-95.995694,31.296504
48291,-94.812192,30.151588
48293,-96.580507,31.545457
48295,-100.273143,36.277639
48297,-98.124829,28.351401
48299,-98.684108,30.705751
48301,-103.579946,31.849293
48303,-101.820525,33.610211
48305,-101.816124,33.176835
48307,-99.347538,31.198876
48309,-97.201760,31.552372
48311,-98.567854,28.352683
48313,-95.928424,30.965544
48315,-94.357174,32.797986
48317,-101.951272,32.305992
48319,-99.226145,30.717724
48321,-96.010998,28.821159
48323,-100.314481,28.742469
48325,-99.110162,29.355694
48327,-99.820592,30.889823
48329,-102.031595,31.869138
48331,-96.976866,30.786349
48333,-98.595445,31.495200
48335,-100.921139,32.306202
48337,-97.724640,33.675683
48339,-95.503009,30.300191
48341,-101.892987,35.837715
48343,-94.732636,33.113468
48345,-100.779814,34.074063
48347,-94.615857,31.615983
48349,-96.472474,32.046928
48351,-93.744806,30.786220
48353,-100.405958,32.303509
48355,-97.612975,27.725567
48357,-100.815664,36.278358
48359,-102.602763,35.405043
48361,-93.893888,30.121305
48363,-98.313015,32.753153
48365,-94.305588,32.162354
48367,-97.805067,32.777648
48369,-102.784473,34.530072
48371,-102.723526,30.781010
48373,-94.830041,30.792689
48375,-101.893925,35.401287
48377,-104.240511,29.999759
48379,-95.793389,32.870351
48381,-101.897050,34.965872
48383,-101.523098,31.366212
48385,-99.822196,29.831774
48387,-95.050274,33.620751
48389,-103.692987,31.323027
48391,-97.165626,28.325259
48393,-100.813567,35.838423
48395,-96.512801,31.027039
48397,-96.407787,32.897722
48399,-99.976219,31.831082
48401,-94.761882,32.107722
48403,-93.851718,31.343227
48405,-94.168184,31.394224
48407,-95.166890,30.579531
48409,-97.518694,28.009144
48411,-98.817586,31.155202
48413,-100.538316,30.897421
48415,-100.916429,32.746283
48417,-99.354054,32.735923
48419,-94.144961,31.792418
48421,-101.893436,36.277720
48423,-95.269176,32.375039
48425,-97.774360,32.222253
48427,-98.738684,26.562097
48429,-98.836184,32.735872
48431,-101.050079,31.827791
48433,-100.253359,33.179191
48435,-100.538182,30.498368
48437,-101.734994,34.530394
48439,-97.291225,32.771563
48441,-99.890105,32.301424
48443,-102.076485,30.224995
48445,-102.335162,33.173801
48447,-99.212358,33.177462
48449,-94.965686,33.216586
48451,-100.462125,31.404449
48453,-97.781963,30.334694
48455,-95.135506,31.088834
48457,-94.376599,30.771235
48459,-94.941481,32.736267
48461,-102.043151,31.368798
48463,-99.762294,29.357303
48465,-101.151738,29.892950
48467,-95.836496,32.563714
48469,-96.971520,28.796352
48471,-95.572293,30.739018
48473,-95.987650,30.010822
48475,-103.102501,31.509491
48477,-96.403449,30.214524
48479,-99.331519,27.761113
48481,-96.222096,29.277882
48483,-100.269769,35.401213
48485,-98.703608,33.987903
48487,-99.241009,34.080777
48489,-97.661213,26.469662
48491,-97.600745,30.648031
48493,-98.086571,29.173992
48495,-103.048283,31.850045
48497,-97.654476,33.215919
48499,-95.382072,32.786405
48501,-102.827776,33.173007
48503,-98.687747,33.176634
48505,-99.168647,27.000776
48507,-99.760533,28.866175
49001,-113.235466,38.356959
49003,-113.082122,41.520963
49005,-111.743587,41.722422
49007,-110.588744,39.648112
49009,-109.507717,40.887292
49011,-112.111454,40.990024
49013,-110.425168,40.298228
49015,-110.700610,38.996748
49017,-111.443103,37.854890
49019,-109.569863,38.981951
49021,-113.289519,37.859172
49023,-112.784823,39.702735
49025,-111.887836,37.285071
49027,-113.100614,39.073239
49029,-111.573151,41.089316
49031,-112.127321,38.336659
49033,-111.244486,41.632218
49035,-111.923603,40.667324
49037,-109.804540,37.626014
49039,-111.576301,39.373940
49041,-111.804466,38.747775
49043,-110.955696,40.868226
49045,-113.131097,40.448755
49047,-109.518620,40.124763
49049,-111.670268,40.119915
49051,-111.168154,40.330781
49053,-113.504769,37.280377
49055,-110.903856,38.324355
49057,-111.913389,41.269825
50001,-73.140816,44.030904
50003,-73.092984,43.035415
50005,-72.102195,44.464689
50007,-73.080913,44.461002
50009,-71.736226,44.727997
50011,-72.912007,44.857494
50013,-73.294854,44.796759
50015,-72.641405,44.605759
50017,-72.376809,44.005657
50019,-72.243754,44.828795
50021,-73.036618,43.580076
50023,-72.614942,44.273452
50025,-72.713802,42.990623
50027,-72.586214,43.580004
51001,-75.633270,37.764261
51003,-78.556546,38.022914
51005,-80.007045,37.787621
51007,-77.976133,37.335996
51009,-79.145110,37.604771
51011,-78.812147,37.372221
51013,-77.101098,38.878607
51015,-79.133806,38.164529
51017,-79.741091,38.058715
51019,-79.524201,37.315164
51021,-81.130288,37.133970
51023,-79.812349,37.557131
51025,-77.859025,36.764777
51027,-82.036064,37.266625
51029,-78.528799,37.572209
51031,-79.096404,37.205614
51033,-77.346979,38.026832
51035,-80.733870,36.731563
51036,-77.062220,37.356713
51037,-78.661648,37.011619
51041,-77.586959,37.378532
51043,-77.996690,39.112345
51045,-80.212379,37.481214
51047,-77.955884,38.486058
51049,-78.244965,37.512111
51051,-82.350398,37.125750
51053,-77.632339,37.075903
51057,-76.951454,37.943421
51059,-77.276986,38.836863
51061,-77.809342,38.738619
51063,-80.362554,36.931633
51065,-78.277574,37.841892
51067,-79.881036,36.991942
51069,-78.262584,39.204559
51071,-80.703741,37.314021
51073,-76.543435,37.415958
51075,-77.916524,37.722064
51077,-81.224993,36.656615
51079,-78.466850,38.297618
51081,-77.559576,36.675889
51083,-78.936619,36.766894
51085,-77.490868,37.760139
51087,-77.405824,37.537996
51089,-79.873959,36.682773
51091,-79.568551,38.362321
51093,-76.725834,36.891291
51095,-76.778718,37.328793
51097,-76.895272,37.718634
51099,-77.157261,38.273363
51101,-77.088398,37.706618
51103,-76.463226,37.734521
51105,-83.128483,36.705426
51107,-77.635736,39.090658
51109,-77.962970,37.978200
51111,-78.240556,36.946219
51113,-78.279247,38.413710
51115,-76.343648,37.435391
51117,-78.362745,36.680356
51119,-76.569749,37.630275
51121,-80.387003,37.174243
51125,-78.886762,37.787413
51127,-76.997123,37.505141
51131,-75.876972,37.342986
51133,-76.419652,37.887627
51135,-78.051249,37.143032
51137,-78.013499,38.246217
51139,-78.484129,38.619984
51141,-80.284395,36.678311
51143,-79.397104,36.821300
51145,-77.915205,37.550194
51147,-78.441074,37.224294
51149,-77.224157,37.186550
51153,-77.481027,38.703013
51155,-80.714345,37.063602
51157,-78.159259,38.684724
51159,-76.726865,37.943383
51161,-80.067890,37.269249
51163,-79.447562,37.814649
51165,-78.875778,38.512145
51167,-82.095633,36.933766
51169,-82.602999,36.714227
51171,-78.570833,38.858319
51173,-81.537062,36.843872
51175,-77.106097,36.720428
51177,-77.656013,38.185033
51179,-77.458046,38.420693
51181,-76.900200,37.109838
51183,-77.261812,36.921776
51185,-81.560660,37.124945
51187,-78.207801,38.908903
51191,-81.959684,36.724466
51193,-76.804224,38.111955
51195,-82.621251,36.975253
51197,-81.078664,36.917120
51199,-76.563532,37.243117
51510,-77.086095,38.818416
51520,-82.160694,36.618036
51530,-79.356526,37.731582
51540,-78.485568,38.037360
51550,-76.302377,36.677780
51570,-77.396937,37.265019
51580,-79.986784,37.778555
51590,-79.408758,36.583068
51595,-77.535586,36.695319
51600,-77.299814,38.853071
51610,-77.175081,38.884643
51620,-76.938615,36.683091
51630,-77.487075,38.299202
51640,-80.917616,36.666006
51650,-76.362904,37.055069
51660,-78.873512,38.436157
51670,-77.298530,37.291371
51678,-79.444036,37.782475
51680,-79.191144,37.400406
51683,-77.483978,38.747972
51685,-77.444766,38.771731
51690,-79.863621,36.682652
51700,-76.518517,37.105170
51710,-76.259015,36.894529
51720,-82.625972,36.931716
51730,-77.391426,37.204179
51735,-76.356881,37.131785
51740,-76.353959,36.846753
51750,-80.558299,37.122900
51760,-77.475541,37.529436
51770,-79.958052,37.278407
51775,-80.055366,37.286400
51790,-79.060809,38.159312
51800,-76.639837,36.695314
51810,-76.043480,36.733534
51820,-78.901191,38.067330
51830,-76.707473,37.269083
51840,-78.174520,39.173390
53001,-118.560469,46.983424
53003,-117.203054,46.191872
53005,-119.511234,46.239792
53007,-120.618915,47.869109
53009,-123.928018,48.049329
53011,-122.482507,45.779321
53013,-117.907864,46.297552
53015,-122.680796,46.193249
53017,-119.691739,47.736056
53019,-118.516463,48.470128
53021,-118.898997,46.534754
53023,-117.545217,46.431622
53025,-119.451745,47.205679
53027,-123.773371,47.150229
53029,-122.548053,48.163014
53031,-123.595265,47.748929
53033,-121.805168,47.490194
53035,-122.671704,47.613234
53037,-120.679739,47.124178
53039,-120.789184,45.873803
53041,-122.392509,46.577685
53043,-118.418763,47.576238
53045,-123.192780,47.348396
53047,-119.740737,48.548827
53049,-123.704201,46.555719
53051,-117.273953,48.532262
53053,-122.104735,47.024118
53055,-122.964969,48.578191
53057,-121.729969,48.479363
53059,-121.915118,46.022741
53061,-121.697451,48.047349
53063,-117.404038,47.620624
53065,-117.855126,48.399105
53067,-122.832785,46.925602
53069,-123.424126,46.291916
53071,-118.478483,46.229762
53073,-121.719993,48.825916
53075,-117.523008,46.901162
53077,-120.738782,46.456863
54001,-80.003019,39.132950
54003,-78.027514,39.464069
54005,-81.711207,38.022990
54007,-80.719249,38.699862
54009,-80.576452,40.273869
54011,-82.241712,38.420306
54013,-81.117578,38.844533
54015,-81.075074,38.462523
54017,-80.706972,39.269175
54019,-81.081158,38.028773
54021,-80.857064,38.924051
54023,-79.195595,39.105136
54025,-80.452990,37.946958
54027,-78.614113,39.317075
54029,-80.573900,40.521862
54031,-78.857949,39.007535
54033,-80.379859,39.283525
54035,-81.674798,38.834469
54037,-77.862797,39.307578
54039,-81.528090,38.336558
54041,-80.502174,38.995866
54043,-82.070392,38.175350
54045,-81.935331,37.831533
54047,-81.653607,37.378456
54049,-80.243377,39.509993
54051,-80.663403,39.860595
54053,-82.026563,38.769721
54055,-81.111442,37.405516
54057,-78.943825,39.414659
54059,-82.134633,37.726453
54061,-80.046557,39.630321
54063,-80.550499,37.560384
54065,-78.257801,39.560439
54067,-80.799395,38.291703
54069,-80.618917,40.096949
54071,-79.350893,38.680748
54073,-81.160608,39.370956
54075,-80.007786,38.331783
54077,-79.668162,39.469326
54079,-81.908990,38.508617
54081,-81.248649,37.771365
54083,-79.875796,38.774730
54085,-81.062978,39.178259
54087,-81.348351,38.714017
54089,-80.858559,37.655856
54091,-80.046188,39.335979
54093,-79.564985,39.113593
54095,-80.884837,39.465276
54097,-80.233439,38.897844
54099,-82.426968,38.146003
54101,-80.421865,38.494706
54103,-80.639109,39.605278
54105,-81.378690,39.022446
54107,-81.515033,39.211165
54109,-81.549193,37.609611
55001,-89.770389,43.969538
55003,-90.677946,46.316086
55005,-91.848304,45.423685
55007,-91.200789,46.523762
55009,-88.003731,44.452941
55011,-91.754455,44.379832
55013,-92.367575,45.862673
55015,-88.218057,44.081604
55017,-91.279845,45.069409
55019,-90.612080,44.734742
55021,-89.333741,43.466635
55023,-90.931044,43.239471
55025,-89.418352,43.067424
55027,-88.707524,43.416295
55029,-87.313504,44.947300
55031,-91.916161,46.432875
55033,-91.896414,44.946563
55035,-91.285977,44.726779
55037,-88.398141,45.848480
55039,-88.488256,43.753584
55041,-88.770421,45.667330
55043,-90.706205,42.867480
55045,-89.602212,42.679979
55047,-89.044869,43.800399
55049,-90.135375,43.000480
55051,-90.242063,46.262266
55053,-90.805258,44.319169
55055,-88.775890,43.020827
55057,-90.113771,43.924594
55059,-88.042363,42.576923
55061,-87.615284,44.516078
55063,-91.115215,43.906576
55065,-90.131702,42.660489
55067,-89.071907,45.262340
55069,-89.734645,45.337441
55071,-87.809667,44.119930
55073,-89.759089,44.898296
55075,-88.033296,45.382939
55077,-89.398723,43.819557
55078,-88.710020,45.004381
55079,-87.966539,43.007169
55081,-90.617788,43.945751
55083,-88.269196,45.026140
55085,-89.521791,45.705549
55087,-88.464948,44.416092
55089,-87.950904,43.384030
55091,-92.001534,44.582923
55093,-92.422420,44.719629
55095,-92.441343,45.461418
55097,-89.501377,44.476040
55099,-90.361395,45.680385
55101,-88.061088,42.747486
55103,-90.429483,43.375636
55105,-89.071579,42.671224
55107,-91.133141,45.475137
55109,-92.452792,45.034071
55111,-89.948413,43.426832
55113,-91.144539,45.879980
55115,-88.765426,44.789145
55117,-87.945367,43.721176
55119,-90.501281,45.211563
55121,-91.358456,44.303965
55123,-90.834415,43.593872
55125,-89.514816,46.052897
55127,-88.541937,42.668489
55129,-91.791216,45.899226
55131,-88.230718,43.368482
55133,-88.304527,43.018224
55135,-88.964775,44.470471
55137,-89.242894,44.113129
55139,-88.644648,44.068890
55141,-90.041567,44.455345
56001,-105.723770,41.654524
56003,-107.995200,44.526795
56005,-105.548203,44.248273
56007,-106.930662,41.694360
56009,-105.507155,42.972342
56011,-104.569947,44.588488
56013,-108.630459,43.040543
56015,-104.353316,42.087898
56017,-108.442156,43.718953
56019,-106.584673,44.038799
56021,-104.689518,41.307009
56023,-110.656035,42.264138
56025,-106.798500,42.962065
56027,-104.475394,43.056424
56029,-109.588501,44.520573
56031,-104.965882,42.133137
56033,-106.879399,44.790032
56035,-109.914710,42.766899
56037,-108.879558,41.659532
56039,-110.589747,43.934770
56041,-110.547628,41.287642
56043,-107.682821,43.904971
56045,-104.567644,43.840399
